City,Country,month,aqi,co,dew,humidity,mepaqi,no2,o3,pm10,pm25,preciptation,pressure,so2,temperature
Anyang,CN,1,0.2,-22.6,,492.1,,-22.0,30.0,-0.6,12.6,221.4,643.5,-65.7,-283.2
Anyang,CN,2,38.3,-51.5,1263.4,187.8,,-52.4,32.6,-38.2,-17.4,271.7,314.1,-71.6,144.7
Anyang,CN,3,-80.2,-54.7,-17.3,352.0,,-22.7,3.0,-25.1,-15.1,614.0,1061.2,-65.3,188.6
Anyang,CN,4,-84.2,-47.7,97.2,196.8,,-10.4,1.7,-20.0,-11.9,20.8,470.6,-49.7,218.8
Anyang,CN,5,-81.1,-43.7,541.3,152.6,,-22.2,3.3,-13.4,-20.4,766.8,359.8,-39.6,146.8
Anyang,CN,6,-34.3,-37.4,376.3,122.3,,-22.7,-4.1,-3.1,-11.8,48336.6,183.7,-37.6,95.3
Anyang,CN,7,-100.0,197.2,32.1,51.5,,-12.5,-11.0,-1.1,-0.3,48.5,128.8,-48.7,5.7
Anyang,CN,8,,,8.2,8.5,,-21.6,-5.6,-9.6,-8.7,-49.6,84.9,-44.6,-0.4
Anyang,CN,9,,5108.3,-8.8,-8.4,,0.3,-12.5,-3.9,-10.0,-80.0,99.5,-27.4,-1.7
Anyang,CN,10,52.7,20.8,-38.8,-14.8,,27.1,-29.7,19.3,12.1,-62.0,57.4,10.0,-8.3
Anyang,CN,11,,-4.2,-269.0,19.0,,-9.5,3.6,-12.3,-5.1,-70.0,617.6,-17.0,-10.6
Anyang,CN,12,-100.0,-36.5,166.7,29.1,,-8.8,10.9,-5.0,-10.0,-40.5,50.1,-29.6,-88.0
Beijing,CN,1,223.8,-23.9,,439.4,,-14.3,3.7,-14.2,6.3,,186.7,-62.3,131.2
Beijing,CN,2,366.5,-16.7,1257.3,282.0,,-35.5,3.0,-15.9,1.6,-100.0,122.9,-71.6,37.4
Beijing,CN,3,-95.2,-42.2,82.7,286.8,,-49.6,19.4,-45.3,-29.7,196.7,170.4,-68.3,115.6
Beijing,CN,4,-100.0,-42.3,-3128.6,97.1,,-47.2,18.0,-31.6,-34.9,-100.0,194.9,-51.3,196.0
Beijing,CN,5,-100.0,-6.7,430.6,154.3,,-39.7,-7.8,-34.0,-21.1,-100.0,105.7,-48.0,88.7
Beijing,CN,6,-100.0,-27.2,230.1,60.6,,-36.2,5.0,-4.6,-22.0,-100.0,71.2,-37.9,72.3
Beijing,CN,7,-100.0,445.0,14.6,22.8,,-30.2,4.0,-2.8,3.3,-100.0,15.1,-74.6,6.1
Beijing,CN,8,,,16.8,18.4,,-17.9,7.5,11.3,16.6,-100.0,-0.1,-73.6,0.4
Beijing,CN,9,,1766.0,-12.6,2.1,,-18.5,-38.8,-31.3,-28.3,-100.0,-0.2,-76.9,-8.2
Beijing,CN,10,,-2.4,-91.9,-26.9,,-0.7,-14.6,2.1,-10.5,-100.0,0.0,-27.7,-1.9
Beijing,CN,11,,-18.8,25.4,-10.2,,-10.8,25.1,-17.9,-16.5,-100.0,0.1,-30.8,-10.9
Beijing,CN,12,-100.0,-40.3,97.9,3.0,,-23.4,21.9,-18.0,-24.4,,29.5,-30.1,149.2
Calgary,CA,1,,18.4,,175.5,,-4.8,0.0,,-5.7,,172.1,90.3,839.4
Calgary,CA,2,,23.7,,56.8,,-35.8,-0.0,,-43.3,,82.4,131.1,-88.8
Calgary,CA,3,,5.0,,202.3,,-35.8,0.0,,-17.9,,170.3,148.7,484.4
Calgary,CA,4,,-15.2,,237.4,,-26.0,0.0,,-16.5,,190.8,-80.2,-39.5
Calgary,CA,5,,41.7,,93.0,,-20.7,0.0,,-48.2,,93.7,-49.2,83.6
Calgary,CA,6,,166.4,,87.1,,-5.9,0.0,-100.0,-35.1,,68.4,-42.2,64.3
Calgary,CA,7,,2250.5,-100.0,4.3,,-17.9,-0.0,,-13.7,,12.8,-56.8,24.9
Calgary,CA,8,,,-100.0,-21.5,,-1.5,0.0,,13.7,,-0.2,-70.9,13.5
Calgary,CA,9,,5414.1,,-18.6,,14.7,0.0,,74.1,,0.3,-69.0,28.5
Calgary,CA,10,,46.8,,9.5,,-8.3,-0.0,,44.8,,0.2,-54.2,37.6
Calgary,CA,11,,3.0,,-16.2,,1.1,0.0,,26.8,,-1.0,-58.6,-101.2
Calgary,CA,12,,10.0,,12.2,,8.3,19.3,,43.3,,35.3,-5.5,-57.3
Changchun,CN,1,,10.0,,349.8,,11.6,7.1,9.7,27.6,864.3,204.6,-50.8,293.4
Changchun,CN,2,,-33.8,1567.9,220.7,,-47.8,-3.9,-33.2,-13.0,-16.7,109.6,-62.3,249.6
Changchun,CN,3,,-30.4,128.2,313.8,,-40.0,-13.8,-30.3,-15.9,447.7,205.9,-60.3,191.6
Changchun,CN,4,,15.0,139.6,350.8,,19.1,4.9,6.2,40.4,274.7,201.5,-15.7,98.4
Changchun,CN,5,,-20.8,1128.6,337.7,,-18.2,-12.5,-27.8,-13.8,347.6,231.4,-33.0,203.8
Changchun,CN,6,,-24.2,256.8,174.6,,-20.2,-11.4,-15.9,-23.2,282.6,192.1,-26.9,216.3
Changchun,CN,7,,435.4,3.9,6.9,,3.0,10.5,-1.9,-9.8,-14.2,20.4,-62.2,19.1
Changchun,CN,8,,,-3.6,-10.7,,-1.9,18.5,17.4,-2.0,-47.4,-0.0,-68.6,6.3
Changchun,CN,9,,1898.7,9.3,16.3,,-12.6,-26.7,-15.2,-0.2,-19.5,-0.4,-59.9,-11.3
Changchun,CN,10,,14.7,172.6,2.2,,-14.5,-22.2,-11.9,-9.9,-14.8,-0.1,-14.2,-12.4
Changchun,CN,11,,18.9,-25.0,14.1,,11.9,-55.0,15.5,34.6,-99.2,-0.0,-7.2,-41.5
Changchun,CN,12,,-34.6,47.5,21.5,,-23.4,-40.3,-24.9,-27.5,-100.0,28.8,-41.8,40.9
Changsha,CN,1,,-11.9,334.1,198.9,,-33.7,-16.7,-33.5,-16.6,143.2,180.6,-66.5,242.3
Changsha,CN,2,,-19.2,327.5,95.6,,-49.2,-3.9,-38.3,-23.5,7.4,94.8,-58.9,242.2
Changsha,CN,3,,-17.5,256.4,217.3,,-40.1,0.5,-30.7,-20.0,44.3,201.5,-53.9,222.7
Changsha,CN,4,,-12.0,156.1,187.8,,0.5,3.1,-6.8,7.1,-76.5,204.6,-36.5,178.8
Changsha,CN,5,,-8.4,300.4,245.2,,-12.5,-5.3,-15.4,-13.6,172.1,123.1,-34.6,273.2
Changsha,CN,6,,-7.5,293.3,282.5,,-18.3,-31.5,-28.0,-23.2,236.4,183.6,-39.1,266.4
Changsha,CN,7,,433.0,31.7,33.8,,1.4,-20.6,-6.5,-4.5,-23.4,16.3,-51.8,19.4
Changsha,CN,8,,,2.8,1.6,,-18.0,-30.4,-32.0,-27.4,-84.5,0.1,-51.0,1.0
Changsha,CN,9,,2385.4,12.9,41.9,,-15.0,-40.2,-40.1,-27.5,-32.6,-0.1,-57.6,-13.3
Changsha,CN,10,,6.6,-0.5,11.6,,-18.7,3.3,-15.2,-12.3,31.5,0.1,-31.0,-11.7
Changsha,CN,11,,-1.3,8.2,8.5,,-12.5,-5.1,-17.7,-12.1,-18.7,0.1,-22.0,0.5
Changsha,CN,12,,-2.5,-8.0,26.0,,-7.2,-4.3,8.0,4.3,-100.0,29.8,-20.7,9.6
Changzhou,CN,1,,-14.1,,250.8,,-24.8,-100.0,-14.0,-5.1,,222.3,-58.5,495.8
Changzhou,CN,2,,-26.3,,138.0,,-50.4,-100.0,-34.0,-26.2,,135.4,-50.7,261.9
Changzhou,CN,3,,-20.9,,408.7,,-32.4,-100.0,-30.5,-31.0,,254.2,-54.3,250.6
Changzhou,CN,4,,-14.3,,282.3,,-7.6,-100.0,-14.2,-15.5,,259.4,-46.7,209.9
Changzhou,CN,5,,-1.0,,195.4,,-19.7,-100.0,-13.6,-9.9,,148.1,-44.6,150.9
Changzhou,CN,6,,-4.2,1714.5,143.4,,-21.0,-100.0,-35.8,-29.2,541.1,96.3,-38.4,99.7
Changzhou,CN,7,,571.0,19.7,35.9,,0.7,-100.0,-19.5,-12.7,-29.8,140.9,-46.5,6.9
Changzhou,CN,8,,,4.4,0.4,,-14.9,3214.8,-4.4,-6.5,-96.4,169.4,-43.3,4.9
Changzhou,CN,9,,3022.5,-0.5,4.1,,6.9,,6.9,6.7,-75.3,104.4,-36.9,-2.1
Changzhou,CN,10,,2.3,-6.6,5.0,,10.8,,-20.0,-15.3,-75.9,118.6,-13.8,-7.4
Changzhou,CN,11,,-6.9,16.6,10.7,,-6.4,,-23.8,-14.2,-0.7,116.4,-17.0,0.4
Changzhou,CN,12,,-12.5,-118.9,16.5,,7.1,438.3,2.8,-0.1,101.7,30.4,-27.8,-13.3
Chengdu,CN,1,,-23.2,274.8,154.3,,-31.0,14.2,-29.7,-13.6,470.6,152.2,-49.6,198.5
Chengdu,CN,2,,-33.9,207.6,110.7,,-52.4,26.5,-31.2,-18.5,322.3,75.1,-45.5,183.9
Chengdu,CN,3,,-34.8,171.9,156.5,,-30.6,15.9,-24.2,-22.5,87.8,189.1,-37.8,241.4
Chengdu,CN,4,,-20.7,92.8,172.4,,-19.4,-2.9,-21.3,-18.3,-100.0,178.2,-40.8,160.3
Chengdu,CN,5,,-13.1,177.3,110.6,,-8.0,18.7,-8.8,-6.4,-100.0,173.6,-26.4,292.5
Chengdu,CN,6,,-11.6,246.1,230.3,,-13.6,4.5,-11.8,-13.7,-100.0,247.0,-38.0,259.5
Chengdu,CN,7,,378.7,5.4,0.5,,-20.9,3.4,-13.8,-11.1,-100.0,19.5,-57.0,22.0
Chengdu,CN,8,,,8.4,20.6,,-16.3,-17.7,-22.0,-17.1,-100.0,-0.2,-54.5,-5.0
Chengdu,CN,9,,1661.0,5.1,1.6,,-10.9,15.2,-16.9,-19.0,-100.0,-0.2,-55.9,3.7
Chengdu,CN,10,,14.6,-2.7,6.5,,-8.6,-1.9,-11.2,-17.4,-100.0,0.2,-20.8,-9.3
Chengdu,CN,11,,13.8,7.3,-2.9,,14.4,12.0,10.2,7.2,-85.4,0.0,23.6,9.5
Chengdu,CN,12,,-14.0,26.1,48.5,,-16.2,-9.5,-25.4,-17.4,-100.0,29.9,-31.8,-3.3
Chongqing,CN,1,,-15.8,227.7,175.4,,-23.0,32.4,-28.4,-19.0,224.1,185.2,-41.9,241.2
Chongqing,CN,2,,-16.5,214.4,140.5,,-46.2,10.7,-23.6,-15.5,182.4,102.2,-41.4,103.7
Chongqing,CN,3,,-16.2,240.0,207.9,,-34.9,26.8,-18.7,-18.6,29.5,219.4,-32.5,255.2
Chongqing,CN,4,,-2.9,134.4,222.3,,-1.4,-21.9,-11.2,-9.7,255.9,211.5,-19.9,143.8
Chongqing,CN,5,,-5.6,243.4,184.0,,-7.3,21.1,-10.3,-14.2,486.4,177.6,-12.0,283.9
Chongqing,CN,6,,-3.7,265.3,240.1,,-4.6,-3.0,-14.9,-17.7,70.5,254.2,-12.0,271.8
Chongqing,CN,7,,463.4,22.4,26.9,,2.5,-23.2,-16.7,-17.8,-71.3,20.0,-46.9,16.8
Chongqing,CN,8,,,-0.2,-5.1,,-12.1,-12.2,-16.9,-18.4,-49.2,-0.1,-45.7,2.5
Chongqing,CN,9,,2205.2,-4.2,6.7,,-9.4,-20.9,-30.0,-30.8,-88.9,-0.2,-52.4,-7.5
Chongqing,CN,10,,27.5,-7.3,4.7,,7.5,-45.0,-3.3,-9.2,7.7,0.2,-11.6,-10.4
Chongqing,CN,11,,9.4,-4.6,-7.0,,8.0,48.6,3.4,-2.4,-87.1,0.0,8.4,6.9
Chongqing,CN,12,,-12.0,-7.3,29.3,,-8.3,10.8,-12.1,-12.2,-81.7,28.7,-21.8,2.7
Dongguan,CN,1,,-22.4,,194.3,,-21.3,50.0,-16.5,-15.7,,189.1,-36.4,225.4
Dongguan,CN,2,,-28.8,,136.1,,-37.3,11.1,-32.5,-22.3,,140.4,-15.7,136.9
Dongguan,CN,3,,-27.1,,291.5,,-35.9,13.4,-28.7,-31.4,,264.2,-20.1,265.1
Dongguan,CN,4,,-14.5,245.3,190.6,,-13.6,3.3,-14.9,-11.8,-100.0,216.6,-6.2,175.7
Dongguan,CN,5,,-3.9,252.5,141.8,,-17.6,-2.0,-20.3,-24.4,,125.3,-22.0,132.4
Dongguan,CN,6,,-21.0,248.0,97.7,,-25.8,-36.7,-38.3,-41.0,,86.4,-29.4,90.3
Dongguan,CN,7,,476.2,23.9,13.9,,-26.4,-35.8,-35.0,-37.6,-100.0,15.8,-44.9,19.0
Dongguan,CN,8,,,3.9,1.8,,-20.2,-21.9,-24.2,-22.5,,0.3,-47.2,-1.2
Dongguan,CN,9,,2165.0,23.9,23.3,,-22.7,-33.6,-25.4,-23.4,,-0.1,-49.1,-0.6
Dongguan,CN,10,,0.2,4.7,0.1,,-30.7,-20.6,-28.3,-29.4,,-0.1,-21.2,-2.9
Dongguan,CN,11,,-14.5,39.2,2.9,,-24.2,4.9,-24.3,-25.5,,0.0,-16.5,7.1
Dongguan,CN,12,,-11.1,95.7,26.2,,-30.5,-82.3,-22.6,-16.8,,28.2,-10.9,25.4
Edmonton,CA,1,,-13.8,-138985.5,179.8,,-4.1,0.0,-100.0,-10.3,,204.6,-6.7,345.5
Edmonton,CA,2,,-16.9,361.6,95.0,,-7.2,0.0,-100.0,-26.2,,99.0,-16.5,-74.3
Edmonton,CA,3,,-20.2,332.0,199.4,,-35.7,0.0,-100.0,-32.5,,188.9,6.9,444.7
Edmonton,CA,4,,-26.2,624.9,214.0,,-17.0,0.0,-100.0,-13.7,,199.0,31.0,-57.4
Edmonton,CA,5,,-23.0,659.4,150.1,,-39.6,0.0,-100.0,-42.1,,114.3,48.8,76.9
Edmonton,CA,6,,-27.2,198.5,88.8,,-29.1,0.0,-100.0,-30.2,,75.5,20.1,66.8
Edmonton,CA,7,,204.9,1.3,11.5,,-21.3,-0.0,-100.0,-28.1,,15.6,-7.1,20.7
Edmonton,CA,8,,,-6.4,-11.2,,-10.4,0.0,,-0.2,,-0.1,-36.1,10.0
Edmonton,CA,9,,3319.8,-12.3,-10.4,,-1.9,0.0,,30.9,,0.3,-49.0,10.8
Edmonton,CA,10,,29.8,-20.1,-0.8,,-4.8,-0.0,,4.5,,0.3,-28.6,10.1
Edmonton,CA,11,,-9.2,26.9,-5.9,,19.5,0.0,,23.9,,-1.0,-13.2,-4.6
Edmonton,CA,12,,13.9,62.1,30.4,,14.6,19.1,-100.0,3.5,,37.6,-7.0,-10.2
Foshan,CN,1,,-19.6,,276.6,,-25.2,83.8,-23.7,-27.9,,239.2,-43.0,296.9
Foshan,CN,2,,-31.4,,163.8,,-41.2,22.3,-33.9,-31.0,,140.7,-35.0,138.7
Foshan,CN,3,,-18.6,,311.3,,-28.4,15.7,-30.3,-33.9,,264.3,-45.0,257.8
Foshan,CN,4,,-0.7,194.7,199.4,,2.2,12.2,-10.5,-13.8,-100.0,216.7,-21.2,161.2
Foshan,CN,5,,-6.1,227.0,136.6,,-20.3,14.8,-12.5,-17.1,,125.3,-24.7,133.0
Foshan,CN,6,,-17.3,215.4,90.4,,-27.2,-31.6,-23.8,-33.7,,86.3,-18.5,90.5
Foshan,CN,7,,449.4,10.1,8.8,,-38.5,-21.2,-30.7,-37.4,-100.0,15.8,-41.4,19.9
Foshan,CN,8,,,-4.0,2.9,,-22.3,-7.8,-14.4,-16.7,,0.3,-43.3,-1.1
Foshan,CN,9,,2441.9,9.9,20.9,,-5.6,-39.7,-21.0,-22.0,-100.0,-0.1,-41.9,-3.2
Foshan,CN,10,,6.8,-7.9,2.5,,-13.4,-18.6,-13.7,-20.5,,-0.1,-11.8,-5.4
Foshan,CN,11,,-1.0,23.9,7.3,,-27.1,3.2,-15.7,-20.3,,0.0,-9.9,2.6
Foshan,CN,12,,-10.1,71.2,37.4,,-29.2,-79.4,-13.6,-12.3,,28.3,-30.8,15.7
Fushun,CN,1,,-8.5,,368.8,,2.1,19.4,14.0,21.1,-100.0,206.0,-36.4,279.8
Fushun,CN,2,,-34.0,1480.2,202.9,,-46.3,24.1,-27.3,-14.1,-100.0,111.4,-54.4,157.5
Fushun,CN,3,,-37.0,152.5,243.8,,-41.0,8.7,-21.0,-14.7,-100.0,203.8,-32.7,239.0
Fushun,CN,4,,-25.4,343.2,169.6,,-15.6,1.5,-4.9,9.7,-100.0,201.7,3.3,155.8
Fushun,CN,5,,-11.7,414.1,350.9,,-31.2,-10.9,-28.3,-16.8,-100.0,198.5,-3.8,160.2
Fushun,CN,6,,-10.5,208.5,173.4,,-15.0,0.2,-0.1,-12.5,-100.0,203.7,14.7,225.1
Fushun,CN,7,,672.5,10.8,15.8,,14.7,-0.4,2.5,-1.0,-100.0,18.4,2.1,13.6
Fushun,CN,8,,,7.2,-0.1,,9.2,0.8,7.4,2.2,-100.0,-0.0,-23.5,6.6
Fushun,CN,9,,2149.8,-2.3,7.4,,-5.5,-22.7,-17.3,-11.6,-100.0,-0.3,-4.9,-7.6
Fushun,CN,10,,25.4,-38.6,6.9,,5.3,-21.8,-5.4,-2.0,-100.0,-0.0,-2.5,-12.1
Fushun,CN,11,,28.4,-27.4,8.5,,16.0,-10.0,29.0,28.6,-100.0,0.1,4.4,275.5
Fushun,CN,12,,-2.5,85.7,8.8,,-3.3,-13.0,2.8,-5.3,,28.7,-26.8,104.4
Fuzhou,CN,1,,-2.1,222.6,174.3,,-27.8,0.6,-23.4,-15.2,83.0,183.3,-22.7,221.8
Fuzhou,CN,2,,7.0,53.9,74.8,,-50.3,12.7,-28.1,-19.7,-36.3,97.0,-19.0,108.3
Fuzhou,CN,3,,0.6,221.3,218.8,,-24.6,-12.0,-33.5,-23.0,-26.4,206.0,-20.7,212.7
Fuzhou,CN,4,,-14.5,126.8,142.5,,-17.8,4.5,-24.5,-12.5,-100.0,164.2,-11.3,117.7
Fuzhou,CN,5,,0.6,334.1,292.6,,-9.3,-6.2,-19.6,-20.0,-100.0,132.1,-22.0,269.5
Fuzhou,CN,6,,-10.7,286.0,244.7,,-6.9,8.8,-1.8,-14.6,-99.7,254.4,-16.1,286.6
Fuzhou,CN,7,,508.0,23.1,19.5,,7.5,1.8,17.4,-5.7,-100.0,20.9,-44.1,23.7
Fuzhou,CN,8,,,6.5,7.8,,23.0,-13.8,10.8,-5.5,-100.0,1.1,-51.5,1.9
Fuzhou,CN,9,,3095.0,13.1,22.9,,39.8,-10.7,-3.6,1.8,-100.0,0.8,-58.8,-3.0
Fuzhou,CN,10,,5.8,1.7,10.2,,-5.6,-15.0,-16.0,-24.8,-100.0,0.4,-16.0,-5.8
Fuzhou,CN,11,,15.3,40.3,14.7,,-16.2,-15.2,-16.8,-15.4,-100.0,1.1,-13.0,8.9
Fuzhou,CN,12,,9.9,25.0,30.3,,-29.2,-8.1,-26.0,-19.5,-100.0,28.9,-23.7,21.8
Guangzhou,CN,1,,-20.8,206.7,177.7,,-24.0,72.3,-17.9,-24.6,,155.4,-43.0,183.4
Guangzhou,CN,2,,-22.8,75.3,98.4,,-38.0,28.0,-33.2,-31.5,,97.0,-40.7,93.2
Guangzhou,CN,3,,-21.1,182.7,217.7,,-35.7,23.4,-33.4,-37.4,,198.1,-39.6,189.1
Guangzhou,CN,4,,-10.2,109.1,163.6,,-9.5,19.9,-12.9,-18.0,-100.0,198.7,-26.1,149.8
Guangzhou,CN,5,,-9.1,240.6,112.2,,-21.7,17.4,-15.4,-19.2,,114.5,-29.8,118.7
Guangzhou,CN,6,,-16.2,238.1,68.3,,-24.6,-37.6,-26.1,-31.6,,76.1,-22.2,79.3
Guangzhou,CN,7,,400.5,11.7,-0.1,,-23.4,-18.2,-25.2,-32.2,-100.0,15.6,-48.3,20.7
Guangzhou,CN,8,,,-4.1,-5.3,,-20.0,-2.5,-22.0,-21.8,,0.3,-49.6,-0.7
Guangzhou,CN,9,,2417.3,13.9,22.1,,1.5,-39.9,-23.5,-23.1,,-0.1,-47.9,-3.7
Guangzhou,CN,10,,12.4,-7.9,-6.0,,-11.2,-12.9,-20.1,-23.8,,-0.1,-21.9,-6.3
Guangzhou,CN,11,,1.7,24.1,0.2,,-20.4,5.7,-19.2,-21.8,,0.1,-12.1,1.9
Guangzhou,CN,12,,-12.5,69.4,28.9,,-30.6,-75.9,-18.1,-11.8,,28.0,-10.5,15.3
Guiyang,CN,1,,-9.4,226.6,174.4,,-44.7,7.1,-29.4,-29.0,,192.3,-43.7,293.5
Guiyang,CN,2,,-12.5,281.4,95.1,,-52.1,7.0,-15.5,-13.2,,102.9,-35.7,257.4
Guiyang,CN,3,,-13.0,254.6,220.4,,-40.2,3.8,-12.3,-16.7,,216.7,-23.7,237.7
Guiyang,CN,4,,-2.3,99.6,203.6,,-24.6,-8.7,-13.5,-15.3,,216.6,4.2,138.3
Guiyang,CN,5,,12.0,269.6,206.7,,-20.4,7.7,-3.9,-7.1,,183.9,29.5,303.4
Guiyang,CN,6,,8.2,266.6,198.6,,-25.0,0.1,-9.5,-13.9,,200.9,13.8,211.3
Guiyang,CN,7,,511.3,24.2,13.2,,-25.5,5.5,-10.7,-11.1,,16.9,-33.0,24.0
Guiyang,CN,8,,,1.7,-3.6,,-24.3,-13.3,-34.2,-38.3,,-0.0,-32.5,2.3
Guiyang,CN,9,,3413.9,10.7,18.2,,-18.9,-29.9,-47.0,-45.3,,-0.3,-30.3,-5.1
Guiyang,CN,10,,40.2,-10.7,4.9,,-11.5,-12.0,-14.3,-10.7,,0.1,0.4,-13.6
Guiyang,CN,11,,22.8,-13.9,-3.1,,-1.6,2.9,-9.6,-11.1,,0.1,16.6,-5.3
Guiyang,CN,12,,6.2,-51.6,39.9,,-21.8,-10.8,-21.3,-13.2,,30.6,-21.4,-29.2
Haikou,CN,1,,-15.9,186.0,182.2,,-32.8,22.8,-29.7,-30.6,,189.4,-35.9,191.4
Haikou,CN,2,,-23.1,104.7,129.5,,-40.7,39.8,-22.2,-31.8,,130.9,-37.6,104.4
Haikou,CN,3,,-7.5,215.1,205.0,,-21.8,-0.5,-21.6,-22.9,,217.5,-32.6,225.0
Haikou,CN,4,,7.8,174.8,219.4,,-16.9,46.9,-12.8,-15.3,,217.1,-28.9,182.0
Haikou,CN,5,,-3.5,248.4,156.5,,-17.5,17.4,-1.7,-8.2,,185.1,-17.7,200.7
Haikou,CN,6,,-17.3,251.0,253.0,,-31.9,3.6,-21.7,-31.9,,263.2,-19.9,258.5
Haikou,CN,7,,329.0,16.5,15.3,,-18.7,-20.6,-21.3,-27.6,,21.1,-57.0,21.5
Haikou,CN,8,,,-1.4,0.6,,-8.6,-10.5,-7.6,-13.2,,0.3,-61.9,0.1
Haikou,CN,9,,1864.8,6.3,4.4,,5.8,-59.4,-49.6,-51.1,,-0.1,-67.1,2.8
Haikou,CN,10,,1.6,2.2,2.0,,-19.4,-3.2,-17.9,-24.1,,-0.3,-21.4,0.3
Haikou,CN,11,,-11.6,7.1,6.1,,-5.4,-16.5,-9.5,-13.1,,0.0,14.9,1.4
Haikou,CN,12,,0.2,33.6,40.5,,26.0,-11.5,11.5,21.3,,29.8,25.0,23.4
Halifax,CA,1,,-100.0,-2290.5,84.2,,361.5,-12.6,,-23.6,,69.5,-6.8,34.1
Halifax,CA,2,,-100.0,-100.0,44.5,,192.4,-1.0,,-8.1,,26.9,-5.8,-89.3
Halifax,CA,3,,,,56.1,,56.4,-0.2,,-29.6,,71.1,-8.6,-97.0
Halifax,CA,4,,,-100.0,70.3,,66.5,-1.6,,-19.2,,98.3,-14.9,83.0
Halifax,CA,5,,,-100.0,37.1,,112.2,-1.9,,-13.9,,62.1,69.8,76.7
Halifax,CA,6,,,-100.0,35.1,,113.9,-5.2,,-6.3,,44.3,33.2,63.3
Halifax,CA,7,,,,8.6,,-67.3,2.0,,-10.8,,6.9,1974.4,1.2
Halifax,CA,8,,,,-6.8,,-67.1,1.8,,-13.5,,-0.1,,1.2
Halifax,CA,9,,,,7.5,,-82.2,7.5,,-5.8,,0.2,,3.8
Halifax,CA,10,,,,4.6,,-87.3,7.2,,7.7,,0.1,-10.1,5.3
Halifax,CA,11,,,-100.0,1.1,,-70.2,-0.7,,37.8,,0.6,-51.0,45.0
Halifax,CA,12,,,-100.0,22.0,,-70.0,-8.5,,5.2,,15.7,-72.0,-2896.0
Hamilton,CA,1,,-10.3,,182.4,,-17.5,0.1,,-19.1,,176.2,-41.1,-120.2
Hamilton,CA,2,,-12.0,,83.9,,-14.5,3.0,,-16.8,,91.1,-48.6,42.8
Hamilton,CA,3,,-7.3,,205.0,,-22.0,-7.9,,-15.7,,192.9,2.1,-14042.5
Hamilton,CA,4,,-19.2,-667.2,167.4,,-32.1,4.3,,-7.0,,195.7,-36.9,165.0
Hamilton,CA,5,,-9.0,,146.5,,-25.4,-1.7,,-17.6,,177.8,-17.1,148.3
Hamilton,CA,6,,-11.4,,56.6,,-26.3,13.0,,-0.7,,69.6,-38.7,86.3
Hamilton,CA,7,,978.5,,-0.9,,-11.1,6.4,,-6.0,,7.7,82.0,13.8
Hamilton,CA,8,,,,0.1,,-8.6,9.7,,19.9,,-0.0,89.1,1.8
Hamilton,CA,9,,2511.2,,-5.9,,-23.0,4.1,,13.1,,-0.2,-3.1,-7.9
Hamilton,CA,10,,17.8,,-2.4,,-10.8,2.1,,-12.2,,0.1,-49.1,-17.6
Hamilton,CA,11,,9.4,,-7.8,,-20.2,28.3,,0.6,,-0.0,-27.9,236.8
Hamilton,CA,12,,-13.6,,25.1,,-22.0,3.1,,-7.2,,27.7,-44.2,20.5
Hangzhou,CN,1,,-8.1,,230.1,,-31.8,20.1,-30.1,-23.8,,228.5,-57.6,330.4
Hangzhou,CN,2,,-27.2,,84.8,,-55.9,46.5,-38.1,-36.4,,97.4,-50.9,156.4
Hangzhou,CN,3,,-16.0,,271.1,,-22.5,-9.8,-33.7,-36.9,,266.7,-50.3,259.8
Hangzhou,CN,4,,-18.5,,204.8,,-8.7,11.8,-8.0,-18.7,,268.7,-34.5,214.5
Hangzhou,CN,5,,-8.1,,162.7,,-14.6,-1.1,-16.0,-21.5,,152.7,-39.1,156.7
Hangzhou,CN,6,,-8.2,1667.2,109.0,,-10.7,-28.7,-33.1,-32.4,-100.0,97.2,-34.7,102.5
Hangzhou,CN,7,,476.1,20.6,25.8,,12.6,-20.2,-14.9,-13.0,-100.0,16.2,-55.1,10.4
Hangzhou,CN,8,,,1.4,-7.6,,-0.2,-14.3,-5.5,-9.2,-100.0,0.1,-55.1,6.2
Hangzhou,CN,9,,3580.3,-1.8,3.5,,12.2,-17.4,-6.1,-7.7,-100.0,-0.2,-56.2,-2.6
Hangzhou,CN,10,,0.8,-8.1,-2.1,,-4.2,19.1,-17.8,-22.2,-100.0,0.1,-17.2,-4.4
Hangzhou,CN,11,,0.4,17.5,5.6,,-8.5,-1.5,-20.2,-21.3,-100.0,0.1,-4.9,6.0
Hangzhou,CN,12,,2.8,-49.2,15.3,,7.0,-8.3,14.1,7.6,-100.0,30.3,-14.6,7.9
Harbin,CN,1,,9.1,,300.0,,6.8,78.5,34.3,36.0,115.4,207.6,-28.0,307.3
Harbin,CN,2,,-33.2,2083.1,356.7,,-51.9,71.6,-24.7,-12.1,,163.0,-40.9,329.3
Harbin,CN,3,,-36.3,95.9,359.9,,-46.5,44.4,-27.2,-19.1,271860.3,212.5,-40.5,789.7
Harbin,CN,4,,-19.3,130.2,328.2,,-15.2,35.6,-25.0,-4.4,285.0,171.9,5.9,144.7
Harbin,CN,5,,-17.0,564.1,293.6,,-23.1,25.4,-23.8,-12.1,294.1,130.7,50.1,219.9
Harbin,CN,6,,-20.3,310.8,192.0,,-28.3,9.7,-30.2,-35.9,15.5,162.4,53.0,163.9
Harbin,CN,7,,475.6,17.7,14.0,,-8.4,18.8,0.3,-0.9,-52.6,20.1,-1.7,21.0
Harbin,CN,8,,,3.1,-2.0,,-3.8,50.4,6.0,1.8,-56.1,-0.0,-5.9,4.6
Harbin,CN,9,,2254.1,15.6,14.7,,-0.5,-17.4,-17.2,-3.6,-37.1,-0.3,-1.5,-5.8
Harbin,CN,10,,22.6,-484.4,19.0,,-8.3,-5.9,-15.3,-12.4,-34.7,-0.2,-9.6,-17.7
Harbin,CN,11,,20.4,-28.5,19.3,,29.2,-7.4,32.0,42.4,-59.6,-0.0,11.1,-17.2
Harbin,CN,12,,-26.2,43.4,27.6,,-21.5,32.9,-28.2,-19.2,-100.0,29.7,-46.7,40.0
Hefei,CN,1,,-19.9,502.4,250.9,,-9.0,-43.7,-30.9,-13.8,,196.0,-57.9,270.7
Hefei,CN,2,,-35.3,218.2,99.3,,-42.6,-28.5,-41.4,-32.5,,104.9,-54.4,252.8
Hefei,CN,3,,-29.8,343.7,267.8,,-19.5,-50.0,-28.0,-30.6,,216.9,-42.5,212.3
Hefei,CN,4,,-28.6,119.0,167.4,,13.8,-45.7,-15.9,-28.1,,214.8,-17.3,190.1
Hefei,CN,5,,-27.4,347.5,299.3,,-9.6,-30.7,-14.5,-19.5,,191.4,-21.8,262.3
Hefei,CN,6,,-30.4,333.1,181.6,,-19.3,-55.3,-35.1,-39.3,,132.5,-31.5,128.6
Hefei,CN,7,,380.1,28.3,53.6,,-6.0,-29.7,-23.2,-11.2,,17.1,-54.6,4.1
Hefei,CN,8,,,13.8,10.6,,-20.2,-16.9,-7.9,-10.3,,-0.0,-52.4,6.1
Hefei,CN,9,,2409.8,9.5,9.6,,-0.1,-5.8,-2.7,-4.4,,-0.2,-47.7,0.1
Hefei,CN,10,,12.2,-2.8,6.5,,3.0,-0.7,-12.9,-11.3,,0.1,-4.0,-7.1
Hefei,CN,11,,5.8,22.9,17.5,,-3.8,-26.6,-18.0,-2.9,,0.2,5.3,-7.3
Hefei,CN,12,,1.5,-388.2,21.9,,8.6,-27.8,6.4,5.4,,30.0,10.9,-16.9
Hegang,CN,1,,-13.9,,219.7,,-14.5,27.0,0.6,13.1,-100.0,201.1,29.3,207.9
Hegang,CN,2,,-27.0,2246.9,143.4,,-56.2,2.4,-21.7,-12.8,,114.5,3.5,145.9
Hegang,CN,3,,-16.3,229.7,201.1,,-22.2,-3.9,-6.7,1.2,1341.4,215.9,14.0,152.2
Hegang,CN,4,,-20.2,126.6,294.4,,-32.5,-0.1,-20.7,-7.8,169.6,216.2,36.8,177.9
Hegang,CN,5,,-10.7,114.1,150.0,,-26.7,5.1,-18.6,-9.6,34.3,207.0,27.6,228.0
Hegang,CN,6,,-5.6,224.6,212.4,,-30.6,-13.3,-43.7,-37.8,188.3,206.4,21.1,218.2
Hegang,CN,7,,598.2,14.4,6.7,,15.6,17.9,11.1,-10.7,70.6,18.7,-8.6,21.9
Hegang,CN,8,,,-9.4,-9.6,,32.1,20.2,20.1,6.5,-16.8,-0.0,-24.5,-1.4
Hegang,CN,9,,3022.2,39.3,19.1,,5.1,-3.7,-20.8,19.4,247.6,-0.0,-17.1,5.2
Hegang,CN,10,,30.8,-84.3,18.0,,20.2,11.0,-9.6,-0.1,-73.9,-0.3,5.4,-3.4
Hegang,CN,11,,15.1,-27.1,12.2,,57.9,-5.0,5.4,3.3,-24.7,0.0,-2.1,-31.0
Hegang,CN,12,,-4.7,20.7,15.0,,4.0,2.4,-7.2,-15.4,-75.6,22.5,-24.8,9.5
Hohhot,CN,1,,42.4,,408.9,,38.4,,66.0,82.3,,193.3,-44.7,211.3
Hohhot,CN,2,,-8.2,2254.4,171.9,,-23.5,,3.9,24.6,,107.4,-46.0,71.6
Hohhot,CN,3,,-31.9,134.9,235.5,,-38.9,,-33.8,-16.3,,192.4,-47.0,352.2
Hohhot,CN,4,,-23.7,612.3,65.8,,-27.3,,-35.2,-16.8,,194.8,-34.1,141.3
Hohhot,CN,5,,-20.6,-77.6,289.1,,-36.6,,-6.1,-21.4,,155.6,-30.0,236.1
Hohhot,CN,6,,-21.3,238.3,245.3,,-27.0,,-10.6,-1.7,,245.9,-27.1,245.2
Hohhot,CN,7,,463.8,26.7,25.2,,-30.9,,-14.0,-8.1,,19.4,-46.6,19.4
Hohhot,CN,8,,,27.8,23.1,,-21.5,,8.7,16.9,,-0.2,-42.2,3.0
Hohhot,CN,9,,2462.1,-7.8,10.8,,-40.4,,-19.2,-10.7,,-0.3,-42.5,-14.3
Hohhot,CN,10,,0.9,651.1,-22.7,,-23.5,,-11.6,-22.7,,0.1,-14.1,-32.1
Hohhot,CN,11,,-15.1,11.3,-7.7,,-19.2,,-14.4,-10.4,,0.3,-26.4,38.6
Hohhot,CN,12,,-25.8,69.7,3.0,,-30.5,,-11.6,-16.4,,28.4,-38.8,52.3
Jieyang,CN,1,,-18.9,171.1,160.4,,-45.6,25.4,-19.8,-14.2,121.2,194.2,-30.1,248.8
Jieyang,CN,2,,-28.3,86.3,88.0,,-38.8,16.9,-27.8,-22.2,1409.9,126.3,-8.3,134.1
Jieyang,CN,3,,-21.2,207.8,179.9,,-24.1,0.9,-10.3,-4.7,95.9,208.7,-36.5,244.2
Jieyang,CN,4,,-22.6,120.9,152.0,,-22.3,26.2,-10.2,-9.5,-100.0,207.0,-34.5,171.7
Jieyang,CN,5,,-15.5,257.1,102.3,,-18.1,-2.8,-25.2,-25.9,-100.0,109.5,-41.9,119.4
Jieyang,CN,6,,-24.4,238.4,62.1,,-34.9,-25.7,-39.0,-46.5,-100.0,77.8,-40.4,92.6
Jieyang,CN,7,,357.3,16.6,4.2,,-34.5,-18.7,-27.7,-28.7,-100.0,16.1,-50.5,19.3
Jieyang,CN,8,,,-2.1,-1.4,,-16.3,-28.0,-13.1,-15.1,-100.0,0.4,-48.1,-1.9
Jieyang,CN,9,,2812.4,5.3,10.5,,-9.1,-16.9,-18.6,-10.9,-100.0,0.0,-42.4,-2.8
Jieyang,CN,10,,6.6,-7.4,-2.8,,-9.4,-17.7,-15.4,-23.5,-100.0,-0.1,-1.6,-5.1
Jieyang,CN,11,,5.9,13.2,2.8,,8.9,-23.2,-15.7,-16.9,-100.0,0.1,1.6,5.1
Jieyang,CN,12,,-6.2,17.8,18.6,,-13.2,-4.9,-15.6,-23.5,-100.0,24.4,-4.8,23.6
Jinan,CN,1,,-98.8,,436.9,,-5.5,51.0,-5.6,14.9,172.8,232.4,-59.8,401357.4
Jinan,CN,2,,-98.3,2249.2,222.4,,-46.5,29.0,-35.9,-18.7,209.4,147.4,-73.7,144.7
Jinan,CN,3,,-97.9,91.1,290.4,,-38.7,8.5,-29.9,-22.8,121.8,207.6,-69.0,162.1
Jinan,CN,4,,-97.8,-120.4,142.7,,-19.2,-1.2,-28.1,-26.5,85.9,210.2,-59.1,191.6
Jinan,CN,5,,-97.4,455.0,154.0,,-29.1,4.6,-20.8,-27.2,488.2,126.8,-55.1,123.0
Jinan,CN,6,,-97.3,274.7,114.5,,-7.2,-22.3,-6.6,-9.9,287.0,85.4,-46.7,72.8
Jinan,CN,7,,-91.7,13.0,31.7,,-19.6,-14.2,-15.9,-10.6,-31.2,17.0,70.9,2.3
Jinan,CN,8,,,16.3,12.5,,-19.8,6.8,6.4,20.7,-11.2,0.8,4109.4,4.1
Jinan,CN,9,,3072.7,0.2,2.7,,-7.2,-17.1,-9.2,-8.4,54.3,0.7,2344.3,-2.0
Jinan,CN,10,,19.6,-27.4,-9.8,,18.2,-17.8,0.5,-3.3,58.7,2.5,31.6,-5.3
Jinan,CN,11,,0.0,-262.7,1.3,,-3.1,13.3,-14.6,-5.9,-49.3,0.2,4.1,-10.9
Jinan,CN,12,,-95.7,93.9,4.4,,-6.8,27.0,-6.4,-4.9,85.3,27.4,-26.1,3.9
Kitchener,CA,1,,106.8,,101.7,,-19.4,0.7,,-15.3,,108.3,10.6,-95.9
Kitchener,CA,2,,50.1,-2068.1,44.9,,-26.3,4.5,,-20.3,,60.5,73.9,-16.3
Kitchener,CA,3,,98.6,,114.4,,-24.2,-13.3,,-14.1,,115.7,378.9,-655.3
Kitchener,CA,4,,62.2,-6638.5,84.9,,-37.9,-2.9,,-10.2,,117.7,7.1,83.3
Kitchener,CA,5,,81.1,345.9,75.6,,-27.3,-6.6,,-20.4,,105.7,-3.3,81.7
Kitchener,CA,6,,16.2,,30.3,,-31.0,4.9,,4.6,,42.2,-8.7,54.4
Kitchener,CA,7,,2673.0,,-5.5,,-32.0,-0.8,,-1.3,,4.6,41.3,10.5
Kitchener,CA,8,,,291.8,7.9,,-27.1,5.2,,7.0,,-0.1,26.9,2.6
Kitchener,CA,9,,2373.4,99.6,-0.1,,-27.2,1.7,,-3.3,,-0.2,-16.7,-10.9
Kitchener,CA,10,,18.5,44.1,-4.5,,-23.8,8.5,,-7.6,,0.1,37.7,-20.3
Kitchener,CA,11,,9.8,-150.4,1.0,,-39.7,16.1,,2.5,,0.1,34.4,320.7
Kitchener,CA,12,,-1.8,20.8,21.5,,-27.0,2.4,,-8.1,,15.6,-6.3,114.3
Kunming,CN,1,,-26.2,114.2,177.1,,-31.7,33.8,-29.4,-16.7,,179.9,-32.1,202.4
Kunming,CN,2,,-25.9,206.1,164.1,,-48.8,37.5,-18.0,1.1,,92.2,-32.2,61.1
Kunming,CN,3,,-27.6,570.2,202.6,,-24.2,24.8,-9.3,-2.0,,196.3,-38.8,225.6
Kunming,CN,4,,-15.3,286.2,317.0,,-11.4,5.8,-5.5,5.8,,195.1,-37.6,149.9
Kunming,CN,5,,-16.4,289.0,292.2,,-18.4,7.3,-23.8,-18.5,,172.6,-27.8,198.6
Kunming,CN,6,,-15.2,294.2,279.5,,-25.7,-2.2,-20.9,-21.0,,259.5,-15.3,269.3
Kunming,CN,7,,320.1,29.1,26.7,,-29.1,-11.1,-19.3,-24.9,,16.9,-32.1,16.9
Kunming,CN,8,,,11.6,15.6,,-34.5,-43.2,-33.3,-35.9,,-0.1,-32.0,-2.7
Kunming,CN,9,,2297.6,31.9,21.9,,-24.6,-36.9,-23.8,-28.4,,-0.3,-32.2,4.6
Kunming,CN,10,,15.4,10.8,12.6,,-19.4,-21.8,-0.6,-8.8,,-0.0,-17.7,-3.4
Kunming,CN,11,,4.6,-17.5,0.8,,1.2,1.4,5.6,4.4,,0.2,5.6,-8.8
Kunming,CN,12,,-7.3,166.5,42.4,,-21.6,-0.5,-13.7,-11.8,,28.8,-11.4,51.0
Lanzhou,CN,1,,-11.9,,223.9,,-0.5,-32.0,-20.2,3.3,420.2,208.0,-34.0,132.6
Lanzhou,CN,2,,-18.1,4354.5,57.5,,-7.7,-32.2,-25.9,-12.7,55.1,112.3,-23.9,118.5
Lanzhou,CN,3,,-14.3,227.4,180.1,,-14.2,-20.5,-18.3,-14.2,66.0,214.0,-26.4,222.9
Lanzhou,CN,4,,-3.7,1365.0,153.3,,-6.3,-33.4,-18.1,-10.8,-63.1,210.5,1.1,108.9
Lanzhou,CN,5,,-1.7,-51.7,157.7,,-6.4,-24.6,-32.4,-20.2,42.8,180.3,-0.1,271.5
Lanzhou,CN,6,,-5.9,93.5,89.3,,-17.1,-23.0,-13.8,-16.7,230.1,157.9,-13.7,166.7
Lanzhou,CN,7,,402.5,18.9,7.5,,-14.1,-10.2,-7.7,-8.8,-76.1,16.3,-23.5,23.2
Lanzhou,CN,8,,,3.2,-0.8,,-8.5,-4.1,-1.0,-6.4,-77.0,0.6,-29.9,0.7
Lanzhou,CN,9,,2694.8,4.6,-3.0,,2.6,-1.7,-10.2,-12.3,-41.7,-0.0,-32.8,2.5
Lanzhou,CN,10,,-4.8,-169.6,-37.7,,3.0,56.6,3.3,-6.9,-20.6,0.8,-11.1,3.0
Lanzhou,CN,11,,6.8,32.5,-17.1,,11.7,11.6,6.4,7.8,-74.6,0.3,3.4,-21.4
Lanzhou,CN,12,,-27.4,42.5,22.6,,-15.7,-3.8,-17.4,-15.5,-100.0,29.1,-38.4,50.6
Lhasa,CN,1,,9.5,,114.9,,-7.7,-5.3,-32.7,-21.0,,209.2,-6.1,101.0
Lhasa,CN,2,,7.7,1454.7,110.9,,-44.9,5.3,-57.0,-35.6,,114.4,-2.4,-303.9
Lhasa,CN,3,,-11.5,152.5,293.8,,-35.9,2.9,-53.3,-43.1,427.7,210.7,-12.3,217.7
Lhasa,CN,4,,1.9,202.0,277.8,,-20.3,-11.5,-40.7,-34.8,16.0,212.7,-8.9,139.5
Lhasa,CN,5,,2.0,178.2,295.8,,0.6,-12.3,-46.2,-34.3,100.4,233.7,-23.9,177.1
Lhasa,CN,6,,8.9,1562.8,284.2,,5.1,-17.5,-42.0,-26.6,471.6,257.3,-8.5,152.8
Lhasa,CN,7,,640.2,37.0,14.0,,5.4,-12.7,-11.9,-14.3,87.1,19.6,6.6,28.3
Lhasa,CN,8,,,-3.2,-2.9,,3.6,-14.0,5.5,13.0,-32.6,-0.1,-3.0,0.7
Lhasa,CN,9,,2587.5,-13.5,-18.5,,11.8,2.3,16.8,31.4,-55.0,-0.2,-4.8,15.5
Lhasa,CN,10,,33.9,151.3,-28.5,,27.6,-27.6,30.6,43.6,-81.9,-1.8,-0.6,19.7
Lhasa,CN,11,,-3.2,36.4,-27.3,,-11.3,27.4,-5.9,-3.4,-100.0,0.0,-6.6,-9.8
Lhasa,CN,12,,8.4,36.2,39.0,,1.2,4.1,-15.7,-12.8,,33.1,-18.5,-451.7
London,CA,1,,,,142.2,,-19.9,-1.8,,-8.5,,135.8,,-81.6
London,CA,2,,,,75.1,,-18.5,0.2,,-17.9,,70.4,,22.7
London,CA,3,,,,149.4,,-35.3,-14.8,,-14.4,,150.7,,-917.6
London,CA,4,,,,106.6,,-42.7,-4.9,,-6.7,,160.5,,86.0
London,CA,5,,,,91.6,,-38.4,-5.6,,-25.6,,141.5,,102.8
London,CA,6,,,1519.5,25.3,,-20.8,2.7,,5.1,,56.0,,65.2
London,CA,7,,,,-9.7,,-27.2,-1.4,,2.0,,9.3,,10.4
London,CA,8,,,1225.6,-3.1,,-18.3,-0.4,,25.5,,2.9,,0.1
London,CA,9,,,673.5,-9.6,,-6.7,-6.8,,1.9,,3.1,,-13.9
London,CA,10,,,,-11.5,,2.2,0.2,,7.5,,3.5,,-21.6
London,CA,11,,,,-16.8,,-23.2,10.6,,4.9,,3.5,,338.7
London,CA,12,,,,10.7,,-16.4,-4.5,,-6.4,,25.2,,271.8
Mississauga,CA,1,,128.6,,133.7,,-21.7,2.1,,-13.9,,127.3,-77.2,-67.3
Mississauga,CA,2,,63.4,,65.8,,-6.7,-0.2,,-19.6,,71.2,-81.1,27.0
Mississauga,CA,3,,109.4,,142.1,,-34.8,-9.1,,-17.5,,131.9,-58.5,-798.3
Mississauga,CA,4,,87.1,-100.0,100.5,,-36.1,-1.5,,-3.3,,134.9,-63.5,142.2
Mississauga,CA,5,,101.7,-100.0,84.2,,-29.6,-2.4,,-11.3,,121.4,-65.2,109.3
Mississauga,CA,6,,33.0,,30.3,,-22.0,11.3,,5.2,,46.5,-56.8,62.4
Mississauga,CA,7,,2683.1,,-7.4,,-31.4,-1.5,,-18.3,,4.7,-90.7,10.9
Mississauga,CA,8,,,,0.4,,-22.2,-0.8,,4.3,,-0.0,-89.1,3.5
Mississauga,CA,9,,2909.8,,-7.0,,-9.2,-1.2,,-1.6,,-0.2,-88.9,-4.4
Mississauga,CA,10,,10.2,,-3.3,,-8.5,-2.6,,-9.6,,0.2,-42.5,-21.1
Mississauga,CA,11,,7.8,,-5.7,,-28.6,22.5,,-4.0,,0.1,78.8,721.2
Mississauga,CA,12,,5.4,,16.7,,-23.5,-1.3,,-9.7,,17.9,57.0,-37.7
Montréal,CA,1,,-48.3,-38402.4,190.5,,-1.9,41.1,,-10.8,,172.1,-14.8,6.0
Montréal,CA,2,,-24.5,1138.8,105.3,,0.7,50.6,,15.4,,105.0,-25.4,13.5
Montréal,CA,3,,-26.0,55.6,191.1,,-19.1,61.9,,-19.2,,177.7,-17.7,-364.7
Montréal,CA,4,,135.1,1069.2,169.2,,-21.2,60.5,,-9.4,,184.6,-6.4,212.1
Montréal,CA,5,,-25.3,35.7,66.7,,-26.6,54.9,,-19.1,,95.9,-7.0,100.6
Montréal,CA,6,,-22.8,278.1,67.1,,-2.5,46.4,,7.5,,65.1,-10.9,77.1
Montréal,CA,7,,17.7,29.4,15.1,,-5.8,-5.7,,-22.4,,13.6,416.9,10.5
Montréal,CA,8,,,13.5,6.9,,-3.8,-7.7,,-6.2,,0.1,2532.3,-5.8
Montréal,CA,9,,5142.6,-2.8,-3.7,,6.4,1.0,,-10.6,,-0.0,1390.8,-8.9
Montréal,CA,10,,-80.1,-24.9,-9.0,,-0.6,10.6,,-14.7,,0.0,-1.6,-17.7
Montréal,CA,11,,-22.3,-92.5,-7.3,,-7.3,0.9,,14.9,,0.1,-3.0,18518.9
Montréal,CA,12,,45.5,-2.2,18.5,,-14.6,-8.5,,-3.5,,15.0,-10.9,160.6
Nanchang,CN,1,,-17.5,317.2,190.2,,-8.9,28.8,-19.3,-3.9,327.9,182.3,-53.5,209.8
Nanchang,CN,2,,-34.7,239.7,72.9,,-37.1,45.1,-28.6,-13.6,34.7,95.6,-44.5,231.9
Nanchang,CN,3,,-34.9,233.8,159.4,,-22.0,5.0,-18.6,-11.7,35.3,159.0,-31.9,168.2
Nanchang,CN,4,,-36.8,109.8,146.1,,22.2,23.3,10.8,28.6,113.3,205.7,-18.3,176.6
Nanchang,CN,5,,-38.2,286.8,267.1,,-12.9,10.7,-18.3,-5.7,85.8,126.0,-22.4,257.9
Nanchang,CN,6,,-44.1,285.6,199.7,,-20.9,-28.3,-32.9,-16.5,47.1,123.5,-5.7,164.4
Nanchang,CN,7,,189.7,24.4,32.1,,-7.5,-11.8,-7.8,1.0,-5.1,16.4,-21.7,18.9
Nanchang,CN,8,,,4.6,13.4,,-1.1,-32.7,-17.5,-19.5,-24.5,0.2,-21.0,-2.8
Nanchang,CN,9,,2625.8,14.6,47.8,,8.6,-31.6,-27.3,-16.8,128.5,-0.0,-48.9,-12.0
Nanchang,CN,10,,12.6,-1.5,12.9,,-17.8,7.8,-19.2,-15.6,-35.1,-1.4,-18.9,-11.9
Nanchang,CN,11,,1.9,19.9,11.1,,-18.2,0.8,-18.3,-14.6,-17.1,0.1,-28.8,2.0
Nanchang,CN,12,,-12.7,-66.5,20.0,,-13.7,-0.8,5.1,4.0,-13.7,32.6,-20.0,27.6
Nanjing,CN,1,,-28.3,456.5,214.8,,-26.0,-28.8,-21.5,-9.7,177.2,189.3,-67.1,314.9
Nanjing,CN,2,,-38.7,208.0,91.2,,-45.8,-14.6,-41.2,-31.3,-48.9,100.2,-60.9,233.1
Nanjing,CN,3,,-27.0,351.4,239.8,,-27.3,6.9,-32.8,-32.2,45.5,212.1,-56.0,203.3
Nanjing,CN,4,,-5.1,108.6,160.6,,-11.4,14.0,-19.3,-22.8,-100.0,210.9,-41.6,162.9
Nanjing,CN,5,,3.3,373.3,124.8,,-22.4,4.9,-18.2,-14.3,-100.0,116.6,-30.7,123.1
Nanjing,CN,6,,9.8,314.1,111.0,,-25.8,-39.9,-37.3,-28.2,-100.0,77.9,-42.8,76.5
Nanjing,CN,7,,530.9,20.2,39.3,,-11.7,-21.3,-17.5,-3.8,-100.0,16.6,-58.8,3.3
Nanjing,CN,8,,,7.4,0.7,,-1.6,-12.8,-5.7,-7.6,-100.0,0.1,-45.2,4.9
Nanjing,CN,9,,3045.8,1.4,6.7,,-4.1,2.2,-4.7,-5.8,-100.0,-0.2,-37.2,-3.3
Nanjing,CN,10,,7.4,-2.1,11.8,,-10.8,-17.4,-23.8,-24.8,-100.0,0.1,-23.7,-9.4
Nanjing,CN,11,,-9.1,30.2,16.8,,-22.0,-42.5,-20.1,-17.6,-100.0,0.2,-33.8,-7.1
Nanjing,CN,12,,-12.6,-125.4,14.0,,-4.1,-36.7,0.6,-0.3,-100.0,29.1,-20.5,-19.4
Nanning,CN,1,,-28.0,268.2,177.8,,-42.1,45.7,-21.1,-22.9,9.4,201.7,-32.0,277.4
Nanning,CN,2,,-26.8,107.2,101.0,,-44.9,17.4,-32.4,-29.8,97.6,100.8,-34.3,108.9
Nanning,CN,3,,-20.4,211.0,199.5,,-33.6,-0.5,-24.9,-24.7,-25.9,208.6,-21.7,217.7
Nanning,CN,4,,-9.7,117.3,198.2,,6.2,-15.2,-17.4,-13.5,-100.0,213.0,-5.7,151.2
Nanning,CN,5,,-11.3,270.0,227.6,,-15.6,15.5,-0.8,-2.7,-100.0,182.3,-14.9,271.5
Nanning,CN,6,,-22.4,265.8,199.7,,-23.6,9.5,-12.6,-13.5,-100.0,197.4,-36.4,212.7
Nanning,CN,7,,349.8,19.4,12.6,,-14.7,12.2,-2.3,-1.9,-100.0,16.6,-48.8,23.2
Nanning,CN,8,,,-1.4,1.4,,-12.8,-17.0,-24.2,-23.5,-100.0,0.2,-49.8,-2.0
Nanning,CN,9,,2119.7,10.1,16.4,,-36.8,-28.3,-38.9,-33.9,-100.0,-0.2,-48.1,-0.3
Nanning,CN,10,,-8.4,-6.1,1.7,,-17.6,-12.8,-24.7,-22.3,-100.0,-0.1,-11.5,-8.7
Nanning,CN,11,,-5.6,3.7,4.2,,-13.6,-27.4,-13.1,-16.7,-100.0,0.0,-11.5,-2.6
Nanning,CN,12,,-1.8,-2.0,18.0,,-20.5,50.9,-4.4,-1.9,-100.0,19.0,-27.8,7.7
Ningbo,CN,1,,-16.2,1093.2,3867.2,,-29.0,2.6,-38.5,-26.6,,242.8,-54.0,120.7
Ningbo,CN,2,,-42.1,494.1,1100.5,,-60.9,3.0,-55.0,-46.2,,218.2,-53.1,124.8
Ningbo,CN,3,,-5.0,,1498.5,,-12.1,-7.7,-36.3,-40.0,,276.3,-24.9,192.1
Ningbo,CN,4,,-4.6,955.0,699.6,,-0.0,21.4,-10.3,-19.5,,261.7,-3.6,145.7
Ningbo,CN,5,,-22.5,1880.5,1288.1,,-28.8,-25.7,-42.7,-37.4,,263.7,-33.3,230.0
Ningbo,CN,6,,-18.1,2965.2,702.2,,-11.4,-16.6,-39.8,-30.4,,266.0,-15.6,242.9
Ningbo,CN,7,,308.8,214.7,105.2,,-7.7,-9.8,-17.6,-14.0,,31.5,-46.9,14.3
Ningbo,CN,8,,,,178.4,,-19.5,-22.2,-22.6,-16.9,,22.7,-36.4,-3.7
Ningbo,CN,9,,2547.5,,221.0,,19.6,-6.2,-12.8,-3.0,,0.1,-25.4,-18.2
Ningbo,CN,10,,10.8,377.1,198.4,,-10.2,37.5,-24.3,-18.8,,0.3,-5.1,-23.4
Ningbo,CN,11,,4.7,203.8,149.4,,-6.3,0.4,-23.6,-14.8,,0.3,-9.8,-15.6
Ningbo,CN,12,,-3.6,-18.1,16.1,,-2.6,11.7,-1.6,-7.2,,26.8,-11.0,10.0
Ottawa,CA,1,,-63.5,,218.5,,-14.4,39.9,,-10.5,,169.5,-55.0,20.9
Ottawa,CA,2,,-40.8,,102.3,,-7.9,39.0,,15.3,,71.8,-62.1,8.7
Ottawa,CA,3,,-29.6,,197.1,,-16.9,42.7,,-7.2,,173.3,-40.0,-164.5
Ottawa,CA,4,,-47.0,,155.8,,-29.9,43.2,,-13.5,,186.2,-61.9,204.3
Ottawa,CA,5,,-5.7,,103.8,,-32.6,52.5,,-19.4,,158.0,-80.4,170.7
Ottawa,CA,6,,-30.6,-100.0,66.5,,-22.8,46.7,,2.4,,67.9,-0.1,83.1
Ottawa,CA,7,,607.7,-100.0,16.6,,-31.0,-3.6,,-19.2,,13.0,-78.0,16.2
Ottawa,CA,8,,,,15.7,,-31.5,-14.8,,-19.5,,0.1,-93.9,-1.7
Ottawa,CA,9,,3495.3,,1.1,,-4.7,-2.5,,-23.7,,-0.1,-58.8,-3.8
Ottawa,CA,10,,14.6,,1.0,,-13.0,2.0,,-6.6,,0.0,3.2,-12.8
Ottawa,CA,11,,-34.3,,-1.5,,-1.2,0.5,,24.7,,-0.0,-75.0,-432.8
Ottawa,CA,12,,47.7,,30.9,,-21.2,-1.6,,-8.4,,26.2,-40.0,-10.5
Qingdao,CN,1,,-98.3,-5847.6,248.3,,8.1,27.8,9.2,23.1,43.0,201.7,-47.6,2293.6
Qingdao,CN,2,,-98.1,2107.2,118.3,,-39.0,15.2,-41.4,-26.2,-99.3,107.6,-68.7,138.6
Qingdao,CN,3,,-97.5,79.4,233.7,,-15.6,-3.1,-22.9,-26.9,158294.4,211.0,-57.6,206.2
Qingdao,CN,4,,-96.9,-188.4,112.5,,31.1,-8.1,-4.5,-10.2,-100.0,210.7,-45.6,187.6
Qingdao,CN,5,,-96.2,330.6,175.5,,-3.5,-6.3,-27.0,-21.4,-100.0,128.6,-50.4,112.5
Qingdao,CN,6,,-95.6,255.4,91.2,,14.6,-15.9,-15.3,-17.0,-100.0,88.5,-45.8,91.8
Qingdao,CN,7,,-87.9,8.3,19.4,,11.9,-12.0,-33.3,-31.9,-100.0,17.1,78.4,4.0
Qingdao,CN,8,,,14.7,15.3,,-2.3,-2.3,-11.6,-5.1,-100.0,-0.0,2290.1,1.7
Qingdao,CN,9,,3081.8,7.8,9.3,,11.0,-4.8,-7.1,-7.0,-100.0,-0.3,1824.3,-5.0
Qingdao,CN,10,,19.5,-6.9,3.0,,-0.3,-12.0,-25.5,-32.3,-100.0,0.1,36.7,-9.2
Qingdao,CN,11,,-0.0,37.9,9.6,,6.3,0.3,-12.7,-2.1,-100.0,0.2,12.2,-11.8
Qingdao,CN,12,,-95.5,302.8,17.0,,9.0,-7.4,1.2,-3.8,-100.0,29.9,-10.0,-97.5
Qinhuangdao,CN,1,-37.0,-33.4,,390.5,,-13.9,15.2,-5.7,9.8,,216.9,-47.9,143.8
Qinhuangdao,CN,2,54.0,-26.9,1260.0,243.5,,-45.3,35.5,-26.5,-12.5,122.4,124.3,-58.5,248.6
Qinhuangdao,CN,3,-94.9,-74.1,135.1,463.7,,-44.0,26.7,-33.7,-25.7,284.4,242.7,-55.7,108.9
Qinhuangdao,CN,4,-100.0,-92.5,1563.4,190.2,,-23.6,-2.9,-16.3,-12.5,297.8,230.2,-20.9,210.9
Qinhuangdao,CN,5,-100.0,-70.5,347.2,144.9,,-34.3,-9.5,-28.7,-19.1,296.9,249.4,-39.8,192.5
Qinhuangdao,CN,6,-76.6,-44.0,221.1,79.5,,-30.0,11.1,-11.3,-18.4,334.9,251.3,-18.7,217.1
Qinhuangdao,CN,7,-41.4,190.6,3.5,-62.0,,-30.5,15.6,-13.4,-15.7,-20.1,22.5,-26.4,21.8
Qinhuangdao,CN,8,-100.0,,2.5,-64.2,,-24.6,29.1,16.1,21.2,-14.1,1.1,-0.3,9.6
Qinhuangdao,CN,9,95.6,979.2,-14.1,-47.7,,-19.0,-40.5,-34.3,-26.5,185.7,0.4,-21.2,-10.5
Qinhuangdao,CN,10,-100.0,-19.0,-87.0,-33.2,,8.3,-18.7,0.4,-2.7,-20.6,0.1,1.2,-8.7
Qinhuangdao,CN,11,102.2,67.4,35.4,6.5,,-5.6,24.4,-1.9,-3.5,-40.9,-0.7,-18.8,-31.2
Qinhuangdao,CN,12,-17.9,-35.7,146.4,47.4,,-18.9,25.8,-16.5,-18.0,-59.0,36.6,-37.3,-48.5
Qiqihar,CN,1,,2.2,,364.8,,33.9,35.9,41.7,34.7,192.4,210.5,-11.8,325.9
Qiqihar,CN,2,,-24.1,1832.9,304.2,,-49.5,30.0,-20.0,-14.5,,115.6,-54.0,249.5
Qiqihar,CN,3,,-12.3,143.8,430.2,,-33.6,28.9,-13.5,-10.2,,207.4,-38.7,5522.9
Qiqihar,CN,4,,27.8,185.8,266.6,,0.9,27.7,65.1,44.8,-99.2,214.2,-1.7,169.1
Qiqihar,CN,5,,10.6,657.5,262.3,,-34.1,4.9,-14.1,-9.3,-70.7,122.1,-23.8,240.9
Qiqihar,CN,6,,-5.5,273.9,277.7,,-39.6,-0.1,-18.1,-21.5,-46.7,112.2,-18.2,250.3
Qiqihar,CN,7,,582.4,15.6,-1.9,,-3.9,33.8,32.3,29.1,-63.8,16.1,-43.2,33.4
Qiqihar,CN,8,,,-1.5,-5.6,,0.3,15.4,1.6,-16.8,-41.2,-0.1,-38.9,3.4
Qiqihar,CN,9,,2130.5,31.0,40.1,,0.3,-10.5,1.0,9.8,20.1,-0.1,-34.1,-13.2
Qiqihar,CN,10,,5.1,-72.1,22.9,,-10.4,11.8,-4.0,-10.5,-20.0,-1.8,-29.0,-10.9
Qiqihar,CN,11,,-11.9,-28.5,13.3,,-21.8,-3.1,5.5,-23.7,33.8,0.1,-36.3,-48.1
Qiqihar,CN,12,,-32.1,20.9,23.1,,-39.6,17.7,-27.8,-42.1,-58.9,33.1,-57.1,1.9
Québec,CA,1,,-0.2,,154.4,,-11.0,46.9,,-7.1,,160.2,66.8,55.6
Québec,CA,2,,0.0,1031.1,100.6,,3.1,52.0,,12.9,,88.9,213.1,35.3
Québec,CA,3,,-1.4,112.6,199.6,,2.1,53.4,,-25.5,,172.6,-54.0,578.3
Québec,CA,4,,-1.6,308.1,185.4,,-10.9,50.9,,-12.3,,170.2,-23.4,74.9
Québec,CA,5,,1.8,18.1,128.0,,-27.6,64.1,,-7.2,,140.9,-9.1,118.9
Québec,CA,6,,5.7,230.3,71.5,,-55.8,48.9,,23.6,,62.0,-63.5,62.5
Québec,CA,7,,536.2,23.9,38.1,,-54.1,-9.1,,-7.5,,10.6,841.9,-0.3
Québec,CA,8,,,0.6,19.6,,-46.5,-4.9,,-7.5,,-1.8,21828.5,-15.2
Québec,CA,9,,4373.1,1.0,10.4,,-1.1,6.9,,-12.8,,-1.9,11441.8,-12.2
Québec,CA,10,,45.6,-15.0,7.6,,-1.6,5.8,,-17.3,,-1.7,38.9,-27.6
Québec,CA,11,,-3.7,-69.2,-1.0,,-0.7,-4.9,,6.3,,-1.4,-36.5,31.0
Québec,CA,12,,-13.0,-15.2,26.3,,7.8,-12.3,,-17.1,,21.7,538.6,-19.6
Shanghai,CN,1,,-9.6,302.4,199.9,,-26.2,8.8,-15.1,-5.5,,179.7,-59.2,241.8
Shanghai,CN,2,,-20.1,106.8,83.7,,-40.1,6.7,-32.9,-24.0,,96.2,-53.9,140.5
Shanghai,CN,3,,-29.0,206.7,198.8,,-35.0,-2.8,-33.3,-34.3,,200.0,-46.5,220.5
Shanghai,CN,4,,-20.7,71.1,143.5,,-24.7,7.3,-16.2,-18.2,-100.0,200.5,-39.2,169.0
Shanghai,CN,5,,14.4,-100.0,134.7,,-9.5,-100.0,-9.8,-1.0,,114.4,-27.7,122.8
Shanghai,CN,6,,3.0,188.5,98.7,,-2.4,-44.9,-21.6,-14.5,,79.0,-41.4,88.2
Shanghai,CN,7,,368.0,20.1,19.2,,1.4,-8.3,-12.1,-6.8,,15.8,-51.3,12.4
Shanghai,CN,8,,,3.2,-5.8,,-7.4,-29.2,-3.5,-11.3,,0.1,-51.4,5.6
Shanghai,CN,9,,3553.4,-6.1,-6.4,,21.1,2.8,7.5,10.6,,-0.1,-48.1,-1.1
Shanghai,CN,10,,-6.8,-12.2,-4.2,,-9.0,13.6,-23.3,-21.9,,0.2,-27.2,-5.9
Shanghai,CN,11,,-2.6,14.5,7.3,,-8.7,-4.9,-19.8,-6.0,,0.2,-25.0,-0.8
Shanghai,CN,12,,-19.5,-56.1,-4.5,,-9.7,1.9,-2.8,-7.8,,27.9,-35.9,-32.6
Shantou,CN,1,,-18.1,170.5,176.6,,-30.5,13.7,-24.4,-18.6,23.4,185.7,-32.6,180.0
Shantou,CN,2,,-34.8,71.4,87.3,,-29.7,8.4,-27.9,-23.6,138.4,98.6,-18.9,85.7
Shantou,CN,3,,-22.8,195.4,176.1,,-15.2,-5.3,-14.6,-14.5,28.1,204.8,-16.1,216.3
Shantou,CN,4,,-22.9,118.1,150.3,,-4.8,17.8,-8.4,-13.2,-100.0,205.8,-9.9,162.4
Shantou,CN,5,,-15.8,254.2,127.0,,-3.3,-8.6,-26.0,-22.8,-100.0,121.1,-18.4,128.7
Shantou,CN,6,,-27.2,238.4,69.1,,-8.9,-34.1,-32.5,-39.2,-100.0,76.0,-7.6,89.2
Shantou,CN,7,,378.6,16.5,4.5,,-0.2,-28.1,-21.9,-24.0,-100.0,16.0,-32.4,19.0
Shantou,CN,8,,,-2.1,-1.6,,-2.7,-22.8,-15.6,-14.6,-100.0,0.4,-37.1,-1.8
Shantou,CN,9,,2371.4,5.3,10.3,,0.4,-8.8,-15.8,-5.1,-100.0,0.0,-35.6,-2.8
Shantou,CN,10,,-6.8,-7.4,-2.9,,-17.3,-14.5,-15.9,-22.3,-100.0,-0.1,-20.0,-5.0
Shantou,CN,11,,-2.5,13.0,2.8,,3.5,-22.8,-14.6,-12.3,-100.0,0.1,-3.8,5.1
Shantou,CN,12,,-12.3,28.0,28.1,,-20.2,-8.2,-19.1,-21.7,-100.0,29.5,-10.2,28.3
Shenyang,CN,1,,29.0,,363.6,,12.5,24.6,18.4,25.4,,206.6,-51.9,284.5
Shenyang,CN,2,,-18.4,1491.2,149.5,,-35.1,19.5,-30.9,-19.4,-100.0,92.7,-68.6,142.5
Shenyang,CN,3,,-27.8,153.4,192.5,,-32.0,6.5,-25.2,-21.8,-100.0,182.0,-58.5,318.7
Shenyang,CN,4,,-2.2,344.9,172.5,,4.9,-3.8,-1.4,3.7,-100.0,204.4,-26.5,155.5
Shenyang,CN,5,,-9.7,442.6,387.9,,-16.6,-20.2,-27.0,-27.8,-100.0,119.4,-31.1,181.6
Shenyang,CN,6,,-10.2,256.1,217.0,,-7.8,-5.7,-4.1,-18.9,-100.0,185.4,-6.6,279.4
Shenyang,CN,7,,649.6,11.7,17.0,,10.6,-4.0,7.3,-1.6,-100.0,16.4,-26.7,14.9
Shenyang,CN,8,,,6.5,-1.2,,1.5,16.5,13.3,8.6,-100.0,-0.1,-42.1,5.8
Shenyang,CN,9,,1647.7,-3.3,7.1,,-18.9,-32.5,-20.1,-14.8,-100.0,-0.3,-31.8,-8.7
Shenyang,CN,10,,20.6,-39.9,7.0,,6.6,-21.9,-4.1,-2.7,-100.0,-0.0,0.0,-13.1
Shenyang,CN,11,,6.1,-27.3,8.1,,-2.8,23.2,10.4,9.1,-100.0,0.0,-0.9,223.0
Shenyang,CN,12,,-18.2,88.3,10.3,,-12.9,11.0,-21.7,-16.2,,30.5,-35.3,107.2
Shenzhen,CN,1,,-27.7,185.6,171.8,,-27.0,19.6,-17.1,-16.2,,176.3,-29.3,184.6
Shenzhen,CN,2,,-31.3,53.6,83.1,,-29.5,1.4,-31.1,-28.6,,96.1,-22.8,175.2
Shenzhen,CN,3,,-17.3,204.2,204.0,,-15.9,-17.9,-12.4,-18.3,,201.2,-12.5,206.5
Shenzhen,CN,4,,-12.4,130.8,191.3,,-3.8,-6.1,-4.5,-9.4,-100.0,201.3,-11.6,165.9
Shenzhen,CN,5,,-16.3,238.1,190.2,,-18.0,-23.2,-18.8,-21.4,,173.3,-24.6,196.8
Shenzhen,CN,6,,-24.4,264.9,220.2,,-30.9,-45.9,-33.6,-39.0,-100.0,198.8,-26.3,206.8
Shenzhen,CN,7,,445.1,23.1,22.2,,-23.7,-51.8,-39.2,-42.2,,19.7,-44.4,23.5
Shenzhen,CN,8,,,1.2,9.1,,-11.2,-41.1,-22.0,-24.2,,0.4,-43.1,0.8
Shenzhen,CN,9,,2117.3,12.8,23.4,,-13.9,-24.5,-35.0,-30.5,-100.0,-0.0,-39.1,1.3
Shenzhen,CN,10,,6.5,-5.5,7.0,,-24.6,-22.8,-15.5,-24.7,,-0.0,-10.8,-0.5
Shenzhen,CN,11,,4.3,5.3,10.5,,-20.3,-15.7,-20.2,-20.5,,0.1,-6.1,6.1
Shenzhen,CN,12,,0.0,18.3,35.4,,-21.7,-15.0,-9.8,-10.8,,28.2,3.0,26.8
Shijiazhuang,CN,1,-7.0,-7.1,,442.6,,-8.9,19.2,-6.7,4.5,,219.9,-62.1,134.7
Shijiazhuang,CN,2,28.7,-33.9,1086.2,192.6,,-45.2,28.4,-32.8,-18.0,131.5,124.9,-74.4,-301.7
Shijiazhuang,CN,3,-66.2,-74.1,-3.4,349.9,,-27.8,-5.0,-30.6,-20.7,,196.7,-64.8,129.8
Shijiazhuang,CN,4,-79.0,-91.4,-50.5,137.5,,-21.1,5.9,-21.5,-23.9,-100.0,224.9,-55.3,214.9
Shijiazhuang,CN,5,-43.7,-68.3,425.5,413.4,,-22.3,-8.4,-23.0,-20.7,-100.0,151.5,-54.2,236.0
Shijiazhuang,CN,6,-22.8,-32.8,291.4,261.1,,-16.4,0.4,-4.8,-14.9,-100.0,218.1,-40.8,208.5
Shijiazhuang,CN,7,94.3,443.9,18.6,29.1,,-9.7,-10.5,0.0,15.3,-100.0,18.4,-33.4,11.8
Shijiazhuang,CN,8,77.0,,10.4,11.6,,-16.4,1.5,-6.0,7.6,-100.0,-0.1,-29.5,0.1
Shijiazhuang,CN,9,113.2,2717.5,-6.7,3.1,,-20.4,-16.7,-20.6,-11.9,-100.0,-0.2,-32.4,-8.2
Shijiazhuang,CN,10,160.8,11.5,-51.8,-16.1,,31.1,-30.3,10.8,-0.9,-100.0,0.1,24.1,-14.5
Shijiazhuang,CN,11,320.1,65.3,-34.8,3.9,,0.2,-0.5,-8.1,-6.7,-100.0,0.2,-11.9,-11.6
Shijiazhuang,CN,12,-36.9,-37.9,108.3,8.7,,-6.6,25.7,-17.1,-15.6,-100.0,31.0,-21.0,110.7
Shiyan,CN,1,,-17.8,,204.7,,-35.3,-100.0,-30.8,-22.0,,273.6,-72.8,-1692.0
Shiyan,CN,2,,-1.9,,31.8,,-68.6,-100.0,-35.3,-28.8,,162.6,-74.3,-23447.7
Shiyan,CN,3,,-0.9,,197.0,,-60.3,-100.0,-29.7,-34.2,,285.2,-69.7,567.1
Shiyan,CN,4,,-26.1,,84.6,,-26.1,-100.0,-16.2,-12.3,,287.7,-62.2,443.9
Shiyan,CN,5,,-22.3,,-16.5,,-24.8,-100.0,-24.3,-21.0,,232.4,-55.7,316.6
Shiyan,CN,6,,-20.3,,-50.9,,-26.2,-100.0,-23.2,-21.2,,263.8,-52.8,163.9
Shiyan,CN,7,,343.8,,7.3,,-9.1,-100.0,-13.2,-0.6,,20.8,-62.8,22.3
Shiyan,CN,8,,,,-19.9,,-10.9,,-23.7,-8.0,,-0.1,-69.0,5.4
Shiyan,CN,9,,2569.5,,-38.8,,-3.1,,-6.7,2.8,,-0.1,-59.1,3.1
Shiyan,CN,10,,9.9,,-27.8,,19.0,,17.9,17.1,,0.1,-15.8,9.2
Shiyan,CN,11,,-2.1,,-24.1,,3.5,,-10.2,-2.6,,0.2,2.3,3.5
Shiyan,CN,12,,-12.8,,-30.8,,-3.2,-100.0,-2.9,2.6,,30.1,-35.0,33.9
Surrey,CA,1,,0.3,,213.9,,-46.4,98.3,-12.5,-43.2,,189.5,-18.9,137.9
Surrey,CA,2,,0.3,,134.8,,-14.1,-16.3,-3.8,-3.3,,85.6,0.4,-5878.9
Surrey,CA,3,,0.0,,245.6,,-17.5,4.5,16.4,4.6,,201.2,2.7,141.6
Surrey,CA,4,,0.0,1250.8,204.4,,-13.6,-3.8,0.8,-0.2,,221.1,-5.0,215.2
Surrey,CA,5,,-4.3,,114.8,,-34.9,0.9,-26.4,-29.4,,130.6,-30.6,92.7
Surrey,CA,6,,3.1,,86.3,,-24.2,-19.4,-11.9,-14.4,,60.9,-16.6,49.1
Surrey,CA,7,,831.7,,11.2,,-1.1,-4.0,3.3,1.2,,8.5,119.5,4.3
Surrey,CA,8,,,,-1.5,,-17.2,-2.4,-8.8,-13.3,,0.0,125.8,-3.6
Surrey,CA,9,,3000.0,,-3.8,,29.5,-9.9,206.1,300.8,,0.2,126.6,15.0
Surrey,CA,10,,19.4,,1.8,,-8.5,13.8,11.7,19.6,,-0.0,-18.1,27.3
Surrey,CA,11,,1.6,,4.2,,-22.4,75.3,-26.5,-31.2,,-0.3,-33.8,4.2
Surrey,CA,12,,-0.0,,31.3,,-8.1,19.9,16.1,-4.0,,30.9,-1.6,32.8
Suzhou,CN,1,,-11.0,,213.0,,-36.4,-100.0,-17.3,-7.1,,225.9,-74.9,341.4
Suzhou,CN,2,,-33.0,,100.4,,-56.9,-100.0,-37.2,-28.0,,139.3,-68.5,189.1
Suzhou,CN,3,,-30.6,,225.6,,-37.4,-100.0,-32.1,-32.2,,256.9,-62.6,249.3
Suzhou,CN,4,,-29.2,,164.4,,-24.6,-100.0,-17.0,-15.2,,257.3,-58.7,196.0
Suzhou,CN,5,,-12.0,,153.4,,-29.5,-100.0,-14.7,-6.5,,148.3,-44.0,145.5
Suzhou,CN,6,,-9.9,1678.7,108.9,,-21.6,-100.0,-30.6,-26.2,,103.7,-42.7,98.2
Suzhou,CN,7,,501.4,19.3,26.5,,-9.8,-100.0,-19.5,-12.7,,18.3,-44.9,11.0
Suzhou,CN,8,,,3.2,-1.4,,-13.2,5093.5,-4.4,-3.8,,0.2,-40.8,4.6
Suzhou,CN,9,,3610.1,-5.9,-2.6,,-0.8,,-3.4,-1.0,,0.0,-39.1,-2.4
Suzhou,CN,10,,9.2,-12.5,-3.1,,-15.8,,-28.6,-27.8,,0.3,19.6,-5.8
Suzhou,CN,11,,10.1,15.7,12.2,,-14.1,,-22.0,-14.0,,0.4,36.9,-2.0
Suzhou,CN,12,,-4.9,-61.8,19.6,,-4.3,520.9,-6.6,-5.6,,28.9,-12.7,-0.7
Taiyuan,CN,1,,-24.0,,425.8,,0.1,59.6,-0.2,13.5,,211.4,-58.1,86.5
Taiyuan,CN,2,,-32.7,944.4,268.1,,-15.5,15.2,-6.5,6.2,,112.5,-61.4,71.3
Taiyuan,CN,3,,-47.7,113.7,313.7,,-9.9,20.4,-23.6,-17.2,,208.4,-60.8,249.3
Taiyuan,CN,4,,-40.5,7685.7,134.3,,5.0,15.9,-22.7,-12.7,,208.6,-46.8,163.9
Taiyuan,CN,5,,-26.7,3888.9,113.5,,-12.2,-2.7,-23.0,-21.8,,114.6,-44.3,116.6
Taiyuan,CN,6,,-17.7,277.3,80.3,,-7.8,15.2,-6.1,-6.1,,81.0,-28.1,79.8
Taiyuan,CN,7,,435.8,31.4,46.2,,-0.9,-12.8,-8.4,-1.0,,16.7,-50.7,4.7
Taiyuan,CN,8,,,22.2,23.7,,-4.6,-12.4,-1.3,2.4,,-0.1,-48.0,-3.6
Taiyuan,CN,9,,3405.3,-2.8,8.1,,-12.0,-11.1,-3.7,5.3,,-0.3,-31.6,-6.5
Taiyuan,CN,10,,29.6,-94.8,-22.4,,10.0,-5.9,11.2,8.0,,0.1,16.4,-11.7
Taiyuan,CN,11,,9.2,-7.4,5.2,,-4.5,24.7,-12.1,-4.5,,0.2,-15.5,-6.7
Taiyuan,CN,12,,-15.2,88.9,19.0,,-9.5,29.3,-10.8,-8.7,,30.4,-31.8,287.1
Tianjin,CN,1,,-12.6,,466.3,,2.2,-100.0,1.4,21.1,,222.3,-62.6,116.2
Tianjin,CN,2,,-36.3,1145.0,233.3,,-39.1,-100.0,-31.4,-11.9,-100.0,125.9,-71.9,206.1
Tianjin,CN,3,,-41.2,85.4,312.6,,-38.8,-100.0,-34.9,-19.2,-100.0,218.2,-66.7,208.2
Tianjin,CN,4,,-33.3,-657.8,105.9,,-29.4,-100.0,-24.8,-23.8,-100.0,216.1,-44.2,235.0
Tianjin,CN,5,,-17.2,369.0,190.5,,-13.1,-100.0,-30.5,-19.0,-100.0,125.0,-41.7,101.8
Tianjin,CN,6,,-19.3,229.7,64.8,,-17.6,-100.0,-3.5,-17.7,-100.0,88.3,-31.6,91.6
Tianjin,CN,7,,466.4,10.3,10.4,,-6.1,-100.0,2.2,4.4,-100.0,18.2,-65.2,14.5
Tianjin,CN,8,,,16.0,13.7,,-9.3,,5.8,23.6,-100.0,-0.1,-67.7,1.6
Tianjin,CN,9,,2784.4,-13.3,1.2,,-8.6,,-28.6,-23.8,-100.0,-0.2,-54.4,-9.0
Tianjin,CN,10,,16.8,-63.5,-18.0,,11.9,,-1.5,-3.2,-100.0,0.1,0.6,-4.7
Tianjin,CN,11,,-16.0,35.1,-8.0,,-12.0,,-16.9,-7.2,-100.0,0.2,-16.2,5.4
Tianjin,CN,12,,-28.0,129.7,-2.5,,-10.3,-100.0,-18.6,-17.6,,32.4,-33.1,267.4
Toronto,CA,1,,-6.4,-2523.9,184.0,,-13.2,1.6,,-16.0,,168.1,-74.9,-70.9
Toronto,CA,2,,-15.1,470.2,78.4,,-20.8,3.5,,-14.4,,79.7,-72.8,38.6
Toronto,CA,3,,-13.0,-71.6,175.4,,-29.6,-9.1,,-22.0,,161.0,-65.0,-2069.9
Toronto,CA,4,,-18.7,-1781.2,130.3,,-31.7,2.3,,-5.1,,169.9,-72.3,158.1
Toronto,CA,5,,-9.2,76.4,120.4,,-26.4,-3.9,,-14.0,,159.3,-69.8,146.4
Toronto,CA,6,,2.8,208.5,40.4,,-25.4,9.4,,6.6,,65.3,-68.9,83.9
Toronto,CA,7,,842.6,48.8,-3.9,,-30.0,0.6,,-12.8,,7.0,-89.3,13.0
Toronto,CA,8,,,17.9,-3.3,,-11.9,4.6,,12.2,,-0.0,-86.1,4.5
Toronto,CA,9,,3843.2,21.8,-8.4,,-11.0,3.7,,1.1,,-0.1,-87.4,-4.1
Toronto,CA,10,,22.5,-38.5,-10.3,,-4.1,3.7,,-3.2,,0.2,-33.5,-12.9
Toronto,CA,11,,7.5,-161.4,-10.3,,-17.1,25.8,,0.9,,0.1,86.4,398.3
Toronto,CA,12,,-3.5,21.9,19.2,,-21.8,1.3,,-7.3,,23.4,45.0,-108.3
Vancouver,CA,1,,0.0,129.8,186.4,,-44.5,87.7,-25.8,-40.6,,185.9,-43.7,168.1
Vancouver,CA,2,,0.0,163.2,125.1,,-17.3,-7.0,-7.1,-11.2,,93.4,-41.4,1135.0
Vancouver,CA,3,,0.0,35.7,204.3,,-24.4,4.8,7.8,0.1,,197.0,-22.3,148.0
Vancouver,CA,4,,0.0,100.4,179.1,,-21.5,-9.4,10.0,3.1,,208.4,-4.1,190.6
Vancouver,CA,5,,-6.2,420.2,119.5,,-35.8,-3.9,-24.5,-29.7,,123.8,4.0,106.4
Vancouver,CA,6,,3.8,612.3,78.2,,-24.0,-20.5,-2.0,-12.4,,59.5,-25.8,50.1
Vancouver,CA,7,,880.5,62.2,10.5,,-9.9,-3.5,1.3,2.1,,8.1,81.9,4.2
Vancouver,CA,8,,,59.5,-1.6,,-16.6,-1.1,-9.4,-16.8,,0.1,132.3,-1.6
Vancouver,CA,9,,2966.7,22.0,-2.8,,23.7,-13.5,226.1,280.2,,0.3,127.6,13.4
Vancouver,CA,10,,19.5,47.3,2.2,,-5.6,2.0,11.1,23.0,,-0.0,-9.6,22.6
Vancouver,CA,11,,2.3,10.6,1.4,,-22.9,90.1,-28.7,-34.4,,-0.4,-34.7,0.6
Vancouver,CA,12,,-0.0,78.9,28.5,,-9.3,21.7,6.8,-0.8,,29.9,-13.7,29.2
Victoria,CA,1,,-2.5,,217.9,,-46.2,46.9,,-48.1,,190.6,-40.0,152.7
Victoria,CA,2,,0.4,,115.3,,-23.5,-6.4,,-27.6,,87.3,-21.5,516.4
Victoria,CA,3,,0.4,,223.2,,-31.9,-1.1,,-15.9,,195.3,65.9,156.6
Victoria,CA,4,,0.0,-100.0,209.6,,-29.7,-7.1,,-12.4,,211.4,-29.6,183.4
Victoria,CA,5,,-5.6,,115.0,,-43.5,2.8,,-21.3,,116.9,-43.1,112.2
Victoria,CA,6,,-74.2,,67.7,,-23.9,-14.0,,-4.2,,55.1,1.4,50.8
Victoria,CA,7,,713.2,,5.7,,-27.8,8.0,,29.7,,8.0,146.8,6.2
Victoria,CA,8,,,,1.1,,-34.5,-10.6,,-0.6,,0.1,307.7,-2.5
Victoria,CA,9,,2745.5,-100.0,-0.5,,11.3,-0.4,,276.9,,0.2,336.6,10.3
Victoria,CA,10,,20.5,-100.0,6.2,,-17.6,11.2,,19.6,,-0.0,58.7,19.6
Victoria,CA,11,,0.0,,2.8,,-13.3,42.1,,-12.0,,-0.4,31.5,2.3
Victoria,CA,12,,-0.0,,25.0,,1.5,3.9,,16.3,,29.0,11.7,41.8
Winnipeg,,3,,,,,,,,,,,,,
Winnipeg,,4,,,,,,,,,,,,,
Winnipeg,,5,,,,,,,,,,,,,
Winnipeg,,6,,,,,,,,,,,,,
Winnipeg,,7,,,,,,,,,,,,,
Winnipeg,CA,1,,-100.0,,217.2,,-100.0,-100.0,-100.0,-12.2,,193.1,-100.0,83.1
Winnipeg,CA,2,,-100.0,868.4,150.9,,-100.0,-100.0,-100.0,-25.0,,147.3,-100.0,54.2
Winnipeg,CA,3,,,,,,,,,,,,,
Winnipeg,CA,4,,,,,,,,,,,,,
Winnipeg,CA,5,,,,,,,,,,,,,
Winnipeg,CA,6,,,,,,,,,,,,,
Winnipeg,CA,7,,,,,,,,,,,,,
Winnipeg,CA,8,,,40.9,-6.3,,-82.2,-56.1,-100.0,-58.0,,-8.9,-100.0,-3.6
Winnipeg,CA,9,,,-35.9,-25.1,,6.0,102.7,-100.0,38.3,,0.1,-100.0,-4.9
Winnipeg,CA,10,,4576.5,-536.2,-18.9,,509.1,852.4,-100.0,75.2,,0.3,,-36.6
Winnipeg,CA,11,,293.7,1.9,-11.2,,311.4,338.2,-100.0,70.0,,-5.2,,-54.6
Winnipeg,CA,12,,7463.5,6.4,14.9,,230.9,188.0,-81.1,36.8,,-19.3,-100.0,-27.0
Wuhan,CN,1,,-29.4,312.3,187.2,,-40.0,20.1,-28.1,-19.6,254.6,161.9,-56.8,195.6
Wuhan,CN,2,,-22.0,268.7,75.6,,-62.5,39.7,-44.3,-32.8,-39.2,69.2,-47.5,165.9
Wuhan,CN,3,,-14.1,239.2,208.9,,-66.8,46.3,-37.6,-31.4,285.2,209.5,-38.2,214.0
Wuhan,CN,4,,-29.0,128.4,160.6,,-38.4,30.8,-23.8,-18.0,-30.2,209.2,-23.7,194.2
Wuhan,CN,5,,-7.4,279.2,239.9,,-27.4,7.0,-23.4,-15.0,113.8,148.2,-6.0,253.8
Wuhan,CN,6,,-11.0,275.3,269.2,,-28.7,-23.8,-42.0,-32.4,458.6,257.9,-12.6,262.1
Wuhan,CN,7,,488.0,19.0,47.3,,-10.1,-26.5,-26.7,-13.4,8.4,16.6,-47.4,5.4
Wuhan,CN,8,,,4.8,3.8,,-12.2,-36.2,-21.7,-25.2,-57.1,0.0,-55.2,0.9
Wuhan,CN,9,,2308.5,16.3,40.9,,-10.9,-21.4,-16.7,-7.6,53.8,-0.1,-55.5,-10.9
Wuhan,CN,10,,22.3,2.5,18.8,,22.0,-26.9,7.8,4.4,8.2,0.1,-18.7,-12.2
Wuhan,CN,11,,-6.9,21.4,16.1,,-6.1,-21.7,-18.3,-12.2,4.6,0.1,-10.8,-6.6
Wuhan,CN,12,,-8.3,-136.5,23.4,,4.2,32.7,3.7,-0.3,-100.0,30.2,-8.2,-7.7
Wuxi,CN,1,,-15.1,,252.5,,-20.6,-100.0,-22.5,-11.8,,225.5,-57.2,459.8
Wuxi,CN,2,,-26.5,,115.9,,-40.2,-100.0,-38.8,-29.4,,135.2,-53.3,198.7
Wuxi,CN,3,,-29.5,,305.3,,-27.1,-100.0,-35.9,-36.7,,247.9,-53.2,214.6
Wuxi,CN,4,,-21.7,,239.0,,-21.7,-100.0,-20.9,-23.8,,258.6,-51.1,190.5
Wuxi,CN,5,,-4.5,,178.2,,-23.2,-100.0,-18.3,-11.5,,147.8,-45.4,148.1
Wuxi,CN,6,,-4.8,1733.9,127.5,,-21.6,-100.0,-36.1,-31.3,542.1,96.3,-48.2,100.6
Wuxi,CN,7,,417.8,21.8,33.5,,-7.4,-100.0,-21.1,-15.3,5.7,301.2,-57.3,9.0
Wuxi,CN,8,,,5.4,-1.1,,-4.8,3961.4,-3.4,-3.3,-96.4,317.4,-51.7,5.2
Wuxi,CN,9,,3157.4,-1.0,2.1,,16.3,,-0.8,2.8,-74.6,862.2,-47.5,-2.3
Wuxi,CN,10,,-5.8,-6.8,1.2,,-7.6,,-24.6,-23.4,-75.5,323.9,-23.4,-8.2
Wuxi,CN,11,,-13.7,21.7,8.5,,-14.4,,-21.8,-16.2,-2.3,358.3,-17.2,2.7
Wuxi,CN,12,,-7.6,-106.1,20.8,,-1.3,435.7,1.2,-2.8,99.4,42.4,-22.4,15.9
Xiamen,CN,1,,-17.5,196.2,188.3,,-39.6,31.0,-20.5,-17.3,,189.4,-32.3,194.4
Xiamen,CN,2,,-33.2,70.8,87.6,,-51.5,33.2,-23.2,-22.1,,101.5,-10.6,92.4
Xiamen,CN,3,,-17.4,219.6,207.0,,-39.7,-3.4,-20.0,-23.1,,215.6,-21.3,224.8
Xiamen,CN,4,,-19.7,124.2,171.0,,-36.4,23.0,-13.4,-16.9,,217.0,-27.2,176.3
Xiamen,CN,5,,2.5,296.0,249.6,,-28.2,13.6,-27.3,-26.3,,192.1,-33.9,271.7
Xiamen,CN,6,,-18.0,282.7,187.2,,-35.7,-4.5,-33.4,-45.2,,201.6,-24.8,223.4
Xiamen,CN,7,,430.0,22.9,16.1,,-6.9,-0.2,-29.4,-29.7,,21.1,-39.6,23.9
Xiamen,CN,8,,,2.1,2.8,,-8.1,-1.7,-17.0,-20.4,,0.4,-46.7,-1.0
Xiamen,CN,9,,4776.6,7.2,17.7,,8.0,-3.4,-11.1,-3.8,,0.0,-46.3,-4.2
Xiamen,CN,10,,2.1,-11.8,-7.7,,-11.5,-20.0,-22.6,-32.1,,-0.0,-47.5,-4.5
Xiamen,CN,11,,16.0,12.3,2.0,,4.4,-18.4,-22.2,-22.6,,0.1,-11.5,6.9
Xiamen,CN,12,,-14.8,32.5,29.1,,-28.8,3.3,-31.0,-29.1,,29.2,-16.6,30.8
Xining,CN,1,,-4.9,,188.0,,-0.5,81.6,-27.3,3.0,568.9,199.6,-28.8,150.7
Xining,CN,2,,-30.4,2744.7,45.4,,-15.4,59.5,-26.2,-15.0,-99.9,105.1,-17.3,46.7
Xining,CN,3,,-33.8,143.3,222.9,,-18.4,41.9,-20.1,-13.6,-3.0,201.5,-27.8,90.5
Xining,CN,4,,-12.5,428.1,225.6,,-8.2,32.3,-19.4,-9.8,467.0,205.1,-26.1,66.7
Xining,CN,5,,-30.4,-121.2,184.3,,-6.8,9.1,-38.0,-21.8,260.1,226.1,-16.3,233.1
Xining,CN,6,,-28.1,158.0,207.8,,3.8,-14.4,-18.7,-12.0,32.1,247.2,-30.9,260.5
Xining,CN,7,,308.4,26.9,21.8,,-5.6,9.4,-3.6,-7.0,151.4,20.2,-26.9,20.4
Xining,CN,8,,,13.5,13.3,,-6.0,-3.7,13.1,7.0,-12.8,-0.2,-29.1,-4.2
Xining,CN,9,,1752.0,15.9,7.5,,-4.9,-2.8,0.5,4.2,-7.4,-0.3,-34.9,-0.2
Xining,CN,10,,-6.0,-282.1,-23.9,,-4.9,39.9,23.8,4.4,-84.3,-1.5,4.1,-12.7
Xining,CN,11,,7.6,-7.8,8.1,,9.2,-5.6,12.5,12.5,-39.6,0.1,14.4,-79.2
Xining,CN,12,,-25.8,35.5,63.1,,-19.2,33.3,-4.4,1.1,5.7,31.7,-17.7,24.0
Xinxiang,CN,1,,-23.9,-7999.3,304.0,,-20.8,53.4,-12.3,-0.1,243.2,200.5,-66.0,442.3
Xinxiang,CN,2,,-40.0,-681.3,167.2,,-60.3,29.8,-40.5,-22.9,-5.6,110.9,-68.7,178.7
Xinxiang,CN,3,,-25.0,-233.4,306.3,,-33.6,8.7,-30.4,-24.4,272.3,220.6,-58.4,192.1
Xinxiang,CN,4,,-33.3,80.8,172.1,,-23.3,-3.0,-26.7,-23.6,-98.5,208.4,-46.7,168.6
Xinxiang,CN,5,,-23.0,368.0,119.7,,-31.4,14.2,-24.3,-30.5,139.9,119.6,-40.1,123.5
Xinxiang,CN,6,,-19.0,314.3,155.0,,-30.3,-19.1,-9.0,-17.7,280.0,89.4,-33.7,76.4
Xinxiang,CN,7,,367.6,29.9,57.8,,-24.9,-58.6,-9.2,-3.2,72.6,17.9,-48.0,2.1
Xinxiang,CN,8,,,14.3,17.7,,-27.0,-12.2,-17.1,-7.1,90.8,1.0,-27.6,-0.3
Xinxiang,CN,9,,4425.0,-1.3,-6.7,,-12.4,-24.0,-6.8,-9.8,-83.0,0.9,-15.1,4.1
Xinxiang,CN,10,,30.4,-13.7,9.1,,21.8,-40.6,17.7,13.8,-41.1,0.6,2.0,-11.2
Xinxiang,CN,11,,-8.3,87.5,28.7,,-14.2,11.1,-13.4,-3.2,-57.9,1.4,-22.8,-15.2
Xinxiang,CN,12,,-19.3,94.2,38.4,,-4.9,-12.0,0.8,1.1,14.9,28.6,-33.9,-70.8
Xi’an,CN,1,,-29.6,-7187.9,310.0,,-21.9,24.1,-20.8,0.2,1290.0,207.5,-56.6,-655.5
Xi’an,CN,2,,-38.1,-820.9,126.6,,-49.3,54.8,-31.1,-12.9,221.8,109.9,-54.4,287.0
Xi’an,CN,3,,-50.5,-250.5,331.3,,-18.3,4.7,-21.1,-18.9,-99.5,211.3,-50.2,203.5
Xi’an,CN,4,,-43.8,59.7,166.8,,0.3,-8.4,-19.1,-16.1,-100.0,208.2,-28.9,162.6
Xi’an,CN,5,,-44.6,219.9,167.0,,-18.6,3.8,-22.6,-23.1,-100.0,169.3,-27.0,250.4
Xi’an,CN,6,,-32.5,260.6,216.4,,-12.0,-12.5,-9.8,-13.6,-100.0,194.9,-27.8,196.0
Xi’an,CN,7,,290.6,26.8,36.3,,-11.7,-4.6,4.7,12.6,-100.0,16.5,-46.1,12.7
Xi’an,CN,8,,,8.6,18.8,,-22.9,-21.5,-13.6,-12.7,-100.0,-0.1,-56.8,-7.2
Xi’an,CN,9,,2511.2,-2.0,-3.8,,0.8,-4.2,22.9,16.3,-100.0,-0.3,-36.4,-0.7
Xi’an,CN,10,,7.6,-15.9,-3.8,,-0.0,-9.6,10.7,-4.8,-100.0,0.2,1.7,-9.8
Xi’an,CN,11,,-4.5,-8.5,-3.0,,-7.1,70.0,-4.0,-4.4,-88.7,0.2,0.9,1.6
Xi’an,CN,12,,-27.1,55.8,37.4,,-15.4,12.4,-14.8,-9.5,-100.0,30.6,-31.4,-4187.2
Xuchang,CN,1,,-15.5,-2326.0,274.5,,-34.7,28.4,-12.2,3.7,506.5,200.4,-66.1,503.6
Xuchang,CN,2,,-36.5,-230.8,137.6,,-60.7,4.1,-37.5,-14.7,45.5,107.0,-66.7,204.5
Xuchang,CN,3,,-29.2,-464.4,273.0,,-25.9,-1.6,-28.8,-14.2,211.3,209.6,-49.9,190.8
Xuchang,CN,4,,-27.0,62.2,152.4,,-1.5,-1.0,-19.9,-5.1,-12.4,209.0,-32.7,187.8
Xuchang,CN,5,,-24.3,356.2,135.7,,-20.3,7.8,-20.2,-23.5,328962.3,135.1,-38.5,138.7
Xuchang,CN,6,,-17.1,312.0,149.2,,-36.9,-17.3,-18.0,-11.0,-14.4,88.8,-39.9,79.0
Xuchang,CN,7,,388.8,28.0,52.8,,-35.1,-24.6,-22.5,-5.9,-14.3,16.7,-53.5,3.1
Xuchang,CN,8,,,12.0,13.4,,-18.3,-35.5,-12.6,-7.0,-64.7,-0.1,-45.9,0.6
Xuchang,CN,9,,2823.8,0.0,-6.7,,-10.4,-0.6,-6.6,-5.7,-5.7,-0.2,-22.9,2.0
Xuchang,CN,10,,21.3,-13.0,11.9,,22.7,-23.7,9.1,20.0,-82.0,0.2,2.4,-13.2
Xuchang,CN,11,,-1.4,95.7,32.3,,-15.5,5.2,-17.2,0.0,-49.5,0.2,-1.1,-13.7
Xuchang,CN,12,,-9.7,93.0,39.3,,-11.8,49.5,-6.0,-1.4,-99.3,28.4,-12.8,-34.7
Yinchuan,CN,1,,16.4,,368.6,,5.2,-28.4,10.8,22.2,1215.8,209.2,-65.5,118.8
Yinchuan,CN,2,,-11.6,1939.1,116.6,,-24.0,-15.6,-10.0,-7.7,,114.7,-58.2,20.3
Yinchuan,CN,3,,-25.5,170.2,200.2,,-30.4,-16.4,-14.6,-26.6,1149.8,206.4,-59.4,254.3
Yinchuan,CN,4,,-11.8,836.7,126.9,,5.3,-16.0,-26.4,-24.5,-45.3,217.3,-24.2,155.0
Yinchuan,CN,5,,-25.9,126.7,188.2,,-12.3,-13.8,-18.8,-21.1,71.6,130.5,-34.5,265.7
Yinchuan,CN,6,,-22.7,138.2,141.3,,-7.5,-8.8,-12.3,-14.4,241.0,150.1,-20.7,300.8
Yinchuan,CN,7,,472.9,17.4,17.2,,-10.2,-7.8,-3.1,-2.6,47.9,16.0,-16.2,22.1
Yinchuan,CN,8,,,7.9,17.1,,10.2,-18.1,-2.8,3.3,31.1,-0.2,-17.4,-1.8
Yinchuan,CN,9,,3347.6,-8.5,5.0,,11.7,-21.3,4.3,1.7,-52.8,-0.1,-2.5,-7.2
Yinchuan,CN,10,,33.6,-199.5,-13.8,,10.2,1.1,13.1,1.2,-87.7,-1.3,32.9,-21.4
Yinchuan,CN,11,,19.1,-25.9,18.0,,17.3,-1.6,7.6,23.8,-0.2,0.3,3.9,-28.0
Yinchuan,CN,12,,9.0,53.6,65.9,,1.8,-27.6,15.0,15.9,26.1,33.9,-45.0,160.1
Yunfu,CN,1,,-25.7,,161.0,,-28.4,53.7,-24.6,-22.5,,187.0,-44.4,206.4
Yunfu,CN,2,,-33.7,,112.4,,-45.2,23.2,-37.1,-33.4,,134.6,-41.6,109.9
Yunfu,CN,3,,-18.3,,247.5,,-29.4,7.2,-33.4,-33.6,,250.0,-38.3,236.0
Yunfu,CN,4,,-22.0,238.0,196.8,,-9.3,4.5,-34.2,-35.2,143.2,348.0,-20.2,169.9
Yunfu,CN,5,,-16.9,256.8,139.8,,-23.4,31.2,-20.3,-21.8,131.1,490.2,6.2,145.2
Yunfu,CN,6,,-24.8,248.8,91.3,,-34.5,-9.8,-35.6,-36.7,170.3,185.5,-18.5,98.8
Yunfu,CN,7,,233.0,18.6,5.8,,-30.3,-8.7,-30.9,-20.5,-61.2,416.7,-13.6,20.9
Yunfu,CN,8,,,-0.9,5.0,,-3.2,-20.1,-19.3,-24.5,-66.6,161.4,-7.3,-2.5
Yunfu,CN,9,,2346.2,12.4,26.5,,-12.2,-31.3,-28.5,-26.8,6.5,387.7,-12.0,-0.7
Yunfu,CN,10,,-0.1,-8.0,-3.6,,-18.8,-8.0,-31.3,-30.4,70.0,72.8,-18.5,-4.6
Yunfu,CN,11,,-4.6,14.6,12.4,,-12.4,0.9,-21.3,-19.2,,852.1,-5.2,4.4
Yunfu,CN,12,,-10.1,39.3,46.6,,-11.7,-83.0,-18.3,-9.9,84.4,34.1,-12.0,39.3
Zhengzhou,CN,1,,-26.1,-3630.8,290.4,,-18.5,44.5,-19.7,-0.3,337.1,202.9,-69.3,574.4
Zhengzhou,CN,2,,-38.7,-304.3,150.3,,-57.7,41.1,-39.0,-18.6,57.1,108.4,-73.8,209.6
Zhengzhou,CN,3,,-37.1,-301.7,282.3,,-35.3,16.4,-29.1,-20.4,276.8,208.5,-58.4,191.4
Zhengzhou,CN,4,,-37.7,68.0,157.6,,-18.6,8.8,-26.5,-14.2,-98.2,206.2,-43.5,183.1
Zhengzhou,CN,5,,-31.0,403.3,235.9,,-24.1,3.6,-23.1,-34.2,154.1,106.3,-43.8,213.0
Zhengzhou,CN,6,,-23.8,341.6,312.5,,-28.4,-4.7,-17.2,-19.9,318.5,188.0,-47.8,190.3
Zhengzhou,CN,7,,343.1,29.5,59.3,,-22.1,-9.0,-13.7,-7.0,99.0,20.2,-66.4,6.6
Zhengzhou,CN,8,,,13.5,15.1,,-16.7,-17.0,-12.7,-9.1,68.2,-0.1,-71.5,0.8
Zhengzhou,CN,9,,2908.1,0.9,-6.8,,4.0,-8.0,0.9,-10.2,-80.7,-0.2,-48.9,3.3
Zhengzhou,CN,10,,10.5,-12.8,1.3,,25.2,-35.8,16.1,18.5,-46.9,0.2,9.3,-7.6
Zhengzhou,CN,11,,-11.7,143.6,13.2,,-16.7,1.1,-12.6,-1.9,-52.1,0.2,-8.5,0.3
Zhengzhou,CN,12,,-20.3,93.9,13.6,,-8.0,5.5,-6.2,-3.7,-99.5,30.3,-33.4,0.5
Zhuzhou,CN,1,,-11.8,308.5,210.0,,-24.7,-12.6,-34.9,-18.6,,191.4,-56.7,253.4
Zhuzhou,CN,2,,-20.6,325.4,102.6,,-45.7,3.6,-41.5,-26.4,,101.2,-56.0,241.8
Zhuzhou,CN,3,,-22.3,269.8,233.1,,-31.7,12.1,-33.5,-26.5,,214.6,-46.1,234.1
Zhuzhou,CN,4,,-14.7,169.0,210.3,,10.9,-2.5,-8.9,-0.8,,219.4,-19.9,192.1
Zhuzhou,CN,5,,-3.1,319.2,265.6,,-3.0,2.9,-16.3,-14.5,,178.7,-24.0,287.1
Zhuzhou,CN,6,,-8.7,314.9,306.8,,4.3,-26.6,-32.2,-20.2,,191.7,-14.7,281.2
Zhuzhou,CN,7,,431.9,33.9,38.2,,5.0,-10.7,-11.9,-3.1,,16.9,-37.6,19.5
Zhuzhou,CN,8,,,3.2,1.8,,-26.7,-21.8,-37.1,-26.2,,0.1,-33.6,1.0
Zhuzhou,CN,9,,2707.1,12.6,43.0,,-18.8,-36.8,-45.2,-31.8,,-0.1,-47.4,-13.4
Zhuzhou,CN,10,,-8.4,-2.4,12.1,,-13.5,14.4,-18.0,-16.8,,0.1,-34.3,-12.8
Zhuzhou,CN,11,,-10.3,6.3,7.0,,-9.7,-14.8,-20.6,-14.1,,0.1,-27.4,-0.1
Zhuzhou,CN,12,,-7.1,-7.2,27.3,,7.8,-28.4,2.4,1.8,,30.8,-29.6,10.3
Ürümqi,CN,1,,-21.3,,200.9,,-6.0,78.8,-8.2,-4.0,-99.6,189.4,-57.9,181.4
Ürümqi,CN,2,,-29.3,1181.8,107.6,,-42.7,85.5,-34.6,-17.7,-100.0,102.3,-54.1,60.6
Ürümqi,CN,3,,-37.1,245.2,141.0,,-43.4,43.8,-34.8,-37.4,-100.0,196.9,-28.3,730.4
Ürümqi,CN,4,,-14.1,-1059.6,55.6,,-20.4,46.0,31.4,-1.6,-100.0,190.8,-3.8,261.8
Ürümqi,CN,5,,-20.8,75.5,33.3,,-24.2,23.5,-7.8,-17.4,-100.0,107.1,13.3,177.3
Ürümqi,CN,6,,-2.6,83.2,39.0,,-24.9,3.1,-10.0,-14.5,-100.0,78.9,10.3,76.2
Ürümqi,CN,7,,464.2,22.9,13.5,,-24.0,-5.4,-26.7,-9.7,-100.0,15.6,-12.6,11.3
Ürümqi,CN,8,,,-5.9,-7.4,,-66.9,12.1,-49.8,-18.6,-100.0,-0.2,-18.9,-1.7
Ürümqi,CN,9,,2994.6,-62.4,-21.3,,-15.9,-5.7,-20.2,-9.4,-100.0,0.3,-19.7,-16.3
Ürümqi,CN,10,,15.8,833.0,-20.2,,-6.7,19.7,3.8,3.0,-100.0,0.5,1.5,-6.5
Ürümqi,CN,11,,-7.2,5.6,-15.5,,-9.0,-5.9,-5.9,-6.9,-100.0,0.4,11.2,-91.0
Ürümqi,CN,12,,4.7,87.2,27.0,,12.5,5.1,16.1,16.9,,28.4,-32.2,102.3
